Country,Compensation currency,Compensation time period,Employment type,Work location,Contract type,Job family,Level,Department,Manager,Entity,Teams,Position ID
Required,Required,Required,Required,Required,Required,Optional,Optional,Optional,Required,Required,Optional,Optional
Andorra,CUP,Month,"Salaried, full-time",Mexico City office,Fixed pay schedule,Sales Engineering,L1,Engineering,Jare Hu,Beautiful Cat Inc,Production team,EE106391
Austria,FKP,Week,Contractor / 1099,Remote,Time tracking,Sales,L2,Sales,,Acme Inc,Team 2,ADHOC107186
Papua New Guinea,NOK,Hour,,SF office,Milestone (invoice by job),Customer Support,L3,,,,,EE105899
Central African Republic,BRL,Year,,,,Engineering,,,,,,EE105813
Bangladesh,DJF,Day,,,,Finance,,,,,,EE105007
Somalia,CNY,,,,,Customer Success,,,,,,EE106197
United Kingdom,ILS,,,,,Infra,,,,,,EE105812
Kazakhstan,KGS,,,,,Product support,,,,,,EE105479
Tonga,NGN,,,,,Frontend,,,,,,EE106072
Eswatini,ZWL,,,,,Information Technology,,,,,,EE106227
Germany,PKR,,,,,Marketing,,,,,,EE106340
Madagascar,GBP,,,,,Human Resources,,,,,,EE104853
Belize,CRC,,,,,Backend,,,,,,EE106877
Kuwait,KPW,,,,,Partnerships,,,,,,EE105065
Djibouti,PGK,,,,,Velocity,,,,,,PID106895
Cameroon,SHP,,,,,SMB,,,,,,EE105752
Grenada,XAG,,,,,Enterprise,,,,,,EE106004
Tanzania,SDG,,,,,Mid-market,,,,,,EE105700
Singapore,QAR,,,,,,,,,,,EE105698
Hungary,EUR,,,,,,,,,,,EE104899
New Caledonia,THB,,,,,,,,,,,EE107119
Cook Islands,NPR,,,,,,,,,,,EE104391
Heard Island and McDonald Islands,MZN,,,,,,,,,,,EE107101
Gabon,XDR,,,,,,,,,,,EE106314
Czechia,PHP,,,,,,,,,,,EE105195
Belarus,HRK,,,,,,,,,,,EE105555
Niue,KYD,,,,,,,,,,,EE105798
Poland,SOS,,,,,,,,,,,ADHOC107315
Samoa,AOA,,,,,,,,,,,EE105957
"Bonaire, Sint Eustatius and Saba",BMD,,,,,,,,,,,EE104475
Romania,CLF,,,,,,,,,,,EE105452
Cayman Islands,BDT,,,,,,,,,,,ADHOC107232
Macao,IRR,,,,,,,,,,,EE105221
Mongolia,XPT,,,,,,,,,,,EE105468
Zimbabwe,ANG,,,,,,,,,,,EE105964
Mozambique,NZD,,,,,,,,,,,EE105512
French Polynesia,COP,,,,,,,,,,,EE104668
Greece,RON,,,,,,,,,,,EE104835
Thailand,TTD,,,,,,,,,,,EE105681
Lebanon,NAD,,,,,,,,,,,EE105751
India,DOP,,,,,,,,,,,EE105133
Lesotho,BGN,,,,,,,,,,,ADHOC107214
Mauritius,SEK,,,,,,,,,,,EE105076
Costa Rica,MVR,,,,,,,,,,,EE105096
Ukraine,CLP,,,,,,,,,,,EE105181
Cambodia,VUV,,,,,,,,,,,EE104803
Trinidad and Tobago,LYD,,,,,,,,,,,EE106266
South Africa,MOP,,,,,,,,,,,EE104814
Malta,BIF,,,,,,,,,,,EE107079
Afghanistan,GMD,,,,,,,,,,,EE105624
Estonia,XAU,,,,,,,,,,,EE106128
Lao People's Democratic Republic,GYD,,,,,,,,,,,EE105795
Saint Kitts and Nevis,TRY,,,,,,,,,,,EE105593
Haiti,MKD,,,,,,,,,,,EE104050
Northern Mariana Islands,SZL,,,,,,,,,,,EE106778
Timor-Leste,IDR,,,,,,,,,,,EE106389
"Virgin Islands, British",UGX,,,,,,,,,,,EE104705
Lithuania,TZS,,,,,,,,,,,EE104300
Ecuador,BND,,,,,,,,,,,EE106285
"Saint Helena, Ascension and Tristan da Cunha",GHS,,,,,,,,,,,EE104600
Saint Lucia,PLN,,,,,,,,,,,EE104704
South Sudan,PAB,,,,,,,,,,,EE106727
Morocco,ERN,,,,,,,,,,,EE105977
Malaysia,JOD,,,,,,,,,,,EE104152
Zambia,LKR,,,,,,,,,,,EE104481
Vietnam,TND,,,,,,,,,,,EE105668
Holy See (Vatican City State),BSD,,,,,,,,,,,EE105948
Iraq,BWP,,,,,,,,,,,EE106597
Hong Kong,AWG,,,,,,,,,,,EE106821
Norfolk Island,MXN,,,,,,,,,,,EE105513
French Guiana,KMF,,,,,,,,,,,EE105144
Uruguay,BZD,,,,,,,,,,,EE105575
El Salvador,CHF,,,,,,,,,,,EE104869
Mali,EGP,,,,,,,,,,,EE105628
Solomon Islands,LSL,,,,,,,,,,,EE106770
"Palestine, State of",XPD,,,,,,,,,,,EE105622
Taiwan,DZD,,,,,,,,,,,EE106153
Montserrat,ETB,,,,,,,,,,,EE105860
Uganda,INR,,,,,,,,,,,EE106081
Guam,KHR,,,,,,,,,,,EE105673
Kenya,XCD,,,,,,,,,,,EE106346
Egypt,ISK,,,,,,,,,,,EE106239
Ireland,IQD,,,,,,,,,,,EE105993
Chile,MMK,,,,,,,,,,,EE105721
Bouvet Island,KZT,,,,,,,,,,,EE105872
Brazil,ARS,,,,,,,,,,,EE105924
Sri Lanka,WST,,,,,,,,,,,EE106810
Qatar,LBP,,,,,,,,,,,EE106224
France,VND,,,,,,,,,,,EE105338
South Georgia and the South Sandwich Islands,CVE,,,,,,,,,,,ADHOC107200
Saudi Arabia,HKD,,,,,,,,,,,EE105651
Spain,TJS,,,,,,,,,,,EE104921
Seychelles,SVC,,,,,,,,,,,EE104920
China,BBD,,,,,,,,,,,EE105034
Armenia,SYP,,,,,,,,,,,EE106149
Saint Martin (French part),USD,,,,,,,,,,,EE106245
Mayotte,ALL,,,,,,,,,,,EE106673
Nauru,AUD,,,,,,,,,,,EE106731
Colombia,SRD,,,,,,,,,,,EE104585
Kosovo,CDF,,,,,,,,,,,EE105028
Rwanda,SAR,,,,,,,,,,,EE106793
Martinique,RSD,,,,,,,,,,,EE106334
Nicaragua,BOB,,,,,,,,,,,ADHOC106920
Puerto Rico,AED,,,,,,,,,,,EE106059
Sao Tome and Principe,PEN,,,,,,,,,,,EE104243
Tajikistan,LRD,,,,,,,,,,,EE104091
United States Minor Outlying Islands,SGD,,,,,,,,,,,EE105971
Angola,JMD,,,,,,,,,,,EE106492
Côte d'Ivoire,SSP,,,,,,,,,,,EE106851
Algeria,BHD,,,,,,,,,,,EE107127
Dominican Republic,IMP,,,,,,,,,,,EE105605
Slovakia,MAD,,,,,,,,,,,EE106180
Netherlands,XOF,,,,,,,,,,,EE105910
Indonesia,DKK,,,,,,,,,,,EE105405
Palau,TMT,,,,,,,,,,,EE105508
Pitcairn,GNF,,,,,,,,,,,EE105537
Portugal,NIO,,,,,,,,,,,EE105135
Burundi,GTQ,,,,,,,,,,,EE104386
Antarctica,RWF,,,,,,,,,,,EE105923
Denmark,SCR,,,,,,,,,,,EE106112
Tuvalu,RUB,,,,,,,,,,,EE105251
Philippines,ZAR,,,,,,,,,,,EE105460
Paraguay,MUR,,,,,,,,,,,EE104098
South Korea,STD,,,,,,,,,,,EE105650
Sint Maarten (Dutch part),AFN,,,,,,,,,,,EE106409
Burkina Faso,UZS,,,,,,,,,,,EE105617
Israel,AMD,,,,,,,,,,,EE104820
Libya,CUC,,,,,,,,,,,EE104339
Mauritania,MYR,,,,,,,,,,,EE105794
Vanuatu,MGA,,,,,,,,,,,EE106889
"Bolivia, Plurinational State of",KRW,,,,,,,,,,,EE106135
Turks and Caicos Islands,OMR,,,,,,,,,,,EE106466
Argentina,ZMW,,,,,,,,,,,EE106083
Åland Islands,MNT,,,,,,,,,,,EE106427
Chad,YER,,,,,,,,,,,EE105206
Saint Barthélemy,BYN,,,,,,,,,,,EE104294
Albania,JPY,,,,,,,,,,,ADHOC107181
Equatorial Guinea,UAH,,,,,,,,,,,EE104497
Finland,TWD,,,,,,,,,,,EE103990
San Marino,XPF,,,,,,,,,,,EE105044
Bulgaria,KES,,,,,,,,,,,EE105920
"Micronesia, Federated States of",LAK,,,,,,,,,,,EE104544
Guernsey,BAM,,,,,,,,,,,EE106514
Jersey,BTN,,,,,,,,,,,EE106870
Fiji,KWD,,,,,,,,,,,EE106179
Cyprus,UYU,,,,,,,,,,,EE106438
Réunion,GEL,,,,,,,,,,,EE105099
Guyana,CZK,,,,,,,,,,,EE106104
Bosnia and Herzegovina,XAF,,,,,,,,,,,EE104915
Georgia,PYG,,,,,,,,,,,EE103996
Gambia,CAD,,,,,,,,,,,EE105274
Guinea-Bissau,GIP,,,,,,,,,,,EE106139
Monaco,HNL,,,,,,,,,,,ADHOC107304
Saint Vincent and the Grenadines,SLL,,,,,,,,,,,EE105303
Sierra Leone,TOP,,,,,,,,,,,ADHOC106911
Liberia,HTG,,,,,,,,,,,EE105142
Netherlands Antilles,SBD,,,,,,,,,,,ADHOC107286
Brunei Darussalam,HUF,,,,,,,,,,,EE104804
"Virgin Islands, U.S.",MDL,,,,,,,,,,,EE105952
Mexico,FJD,,,,,,,,,,,EE106379
"Congo, The Democratic Republic of the",MWK,,,,,,,,,,,ADHOC106926
Senegal,AZN,,,,,,,,,,,ADHOC107004
Slovenia,,,,,,,,,,,,ADHOC107003
North Macedonia,,,,,,,,,,,,EE104087
Barbados,,,,,,,,,,,,EE104072
Guinea,,,,,,,,,,,,EE104468
Yemen,,,,,,,,,,,,EE104708
Bhutan,,,,,,,,,,,,EE106702
Bahamas,,,,,,,,,,,,EE106414
Maldives,,,,,,,,,,,,EE106499
Malawi,,,,,,,,,,,,EE105472
Saint Pierre and Miquelon,,,,,,,,,,,,EE105919
Benin,,,,,,,,,,,,EE106635
Sudan,,,,,,,,,,,,EE106737
Latvia,,,,,,,,,,,,EE105326
Comoros,,,,,,,,,,,,EE105672
Cocos (Keeling) Islands,,,,,,,,,,,,EE104421
Montenegro,,,,,,,,,,,,EE105757
Turkey,,,,,,,,,,,,EE105951
Suriname,,,,,,,,,,,,EE106421
Peru,,,,,,,,,,,,EE106476
American Samoa,,,,,,,,,,,,EE106876
Kyrgyzstan,,,,,,,,,,,,EE106510
Liechtenstein,,,,,,,,,,,,EE105131
British Indian Ocean Territory,,,,,,,,,,,,EE104113
Russian Federation,,,,,,,,,,,,EE106244
Belgium,,,,,,,,,,,,EE106533
Turkmenistan,,,,,,,,,,,,EE106443
New Zealand,,,,,,,,,,,,EE106203
Aruba,,,,,,,,,,,,EE104274
Azerbaijan,,,,,,,,,,,,EE104369
Ghana,,,,,,,,,,,,EE105280
Wallis and Futuna,,,,,,,,,,,,EE105572
Western Sahara,,,,,,,,,,,,EE106710
Canada,,,,,,,,,,,,EE104787
Faroe Islands,,,,,,,,,,,,EE106382
Uzbekistan,,,,,,,,,,,,EE105933
Falkland Islands (Malvinas),,,,,,,,,,,,EE104179
Ethiopia,,,,,,,,,,,,EE104454
"Venezuela, Bolivarian Republic of",,,,,,,,,,,,ADHOC107169
Antigua and Barbuda,,,,,,,,,,,,EE105385
Tokelau,,,,,,,,,,,,EE105005
Panama,,,,,,,,,,,,ADHOC106965
Bermuda,,,,,,,,,,,,ADHOC107184
Oman,,,,,,,,,,,,EE104008
Serbia,,,,,,,,,,,,EE104139
Svalbard and Jan Mayen,,,,,,,,,,,,EE104405
Iceland,,,,,,,,,,,,EE104251
Marshall Islands,,,,,,,,,,,,EE105498
Pakistan,,,,,,,,,,,,EE105495
Myanmar,,,,,,,,,,,,EE106601
Switzerland,,,,,,,,,,,,EE106804
French Southern Territories,,,,,,,,,,,,EE106528
Jamaica,,,,,,,,,,,,EE104017
Luxembourg,,,,,,,,,,,,ADHOC107238
Christmas Island,,,,,,,,,,,,EE104371
Italy,,,,,,,,,,,,EE105544
Gibraltar,,,,,,,,,,,,EE105595
Guadeloupe,,,,,,,,,,,,EE106378
Anguilla,,,,,,,,,,,,EE107060
Jordan,,,,,,,,,,,,EE104941
Norway,,,,,,,,,,,,EE105321
Japan,,,,,,,,,,,,EE105350
Eritrea,,,,,,,,,,,,EE106187
Guatemala,,,,,,,,,,,,EE107021
Kiribati,,,,,,,,,,,,EE105249
Greenland,,,,,,,,,,,,EE104301
Botswana,,,,,,,,,,,,ADHOC106958
Isle of Man,,,,,,,,,,,,EE104550
United Arab Emirates,,,,,,,,,,,,EE106098
Croatia,,,,,,,,,,,,EE105239
Honduras,,,,,,,,,,,,EE104489
United States,,,,,,,,,,,,EE106530
Bahrain,,,,,,,,,,,,EE104130
Sweden,,,,,,,,,,,,EE104311
Curaçao,,,,,,,,,,,,EE106148
Cabo Verde,,,,,,,,,,,,EE106695
Niger,,,,,,,,,,,,EE106832
Tunisia,,,,,,,,,,,,ADHOC106978
Namibia,,,,,,,,,,,,EE104277
Congo,,,,,,,,,,,,EE104374
"Moldova, Republic of",,,,,,,,,,,,EE105724
Dominica,,,,,,,,,,,,EE106550
Nepal,,,,,,,,,,,,EE106855
Togo,,,,,,,,,,,,EE105043
Australia,,,,,,,,,,,,EE105214
Nigeria,,,,,,,,,,,,EE104884
,,,,,,,,,,,,EE106022
,,,,,,,,,,,,ADHOC107165
,,,,,,,,,,,,EE105317
,,,,,,,,,,,,EE104847
,,,,,,,,,,,,ADHOC107029
,,,,,,,,,,,,EE105279
,,,,,,,,,,,,EE104024
,,,,,,,,,,,,EE104111
,,,,,,,,,,,,EE105504
,,,,,,,,,,,,EE104457
,,,,,,,,,,,,EE105407
,,,,,,,,,,,,EE107130
,,,,,,,,,,,,EE104420
,,,,,,,,,,,,EE105907
,,,,,,,,,,,,EE106122
,,,,,,,,,,,,EE104015
,,,,,,,,,,,,EE106680
,,,,,,,,,,,,EE104207
,,,,,,,,,,,,EE105427
,,,,,,,,,,,,ADHOC107191
,,,,,,,,,,,,EE105771
,,,,,,,,,,,,EE106539
,,,,,,,,,,,,ADHOC107193
,,,,,,,,,,,,EE104170
,,,,,,,,,,,,EE104943
,,,,,,,,,,,,EE105900
,,,,,,,,,,,,EE106131
,,,,,,,,,,,,ADHOC106923
,,,,,,,,,,,,EE104009
,,,,,,,,,,,,EE105305
,,,,,,,,,,,,EE105310
,,,,,,,,,,,,EE104083
,,,,,,,,,,,,EE105585
,,,,,,,,,,,,EE106766
,,,,,,,,,,,,EE105474
,,,,,,,,,,,,EE106700
,,,,,,,,,,,,EE106815
,,,,,,,,,,,,EE104422
,,,,,,,,,,,,EE105898
,,,,,,,,,,,,EE105375
,,,,,,,,,,,,EE104658
,,,,,,,,,,,,EE104540
,,,,,,,,,,,,EE105438
,,,,,,,,,,,,EE104810
,,,,,,,,,,,,EE104465
,,,,,,,,,,,,EE105998
,,,,,,,,,,,,EE105112
,,,,,,,,,,,,EE105207
,,,,,,,,,,,,EE105329
,,,,,,,,,,,,EE104845
,,,,,,,,,,,,ADHOC107295
,,,,,,,,,,,,EE105961
,,,,,,,,,,,,EE105107
,,,,,,,,,,,,EE105352
,,,,,,,,,,,,EE106883
,,,,,,,,,,,,ADHOC107117
,,,,,,,,,,,,EE104784
,,,,,,,,,,,,EE105141
,,,,,,,,,,,,EE105225
,,,,,,,,,,,,EE106298
,,,,,,,,,,,,EE106532
,,,,,,,,,,,,ADHOC106969
,,,,,,,,,,,,EE105616
,,,,,,,,,,,,EE104192
,,,,,,,,,,,,ADHOC106988
,,,,,,,,,,,,EE106380
,,,,,,,,,,,,EE105685
,,,,,,,,,,,,EE107316
,,,,,,,,,,,,EE105591
,,,,,,,,,,,,EE105387
,,,,,,,,,,,,EE103993
,,,,,,,,,,,,EE105800
,,,,,,,,,,,,ADHOC107281
,,,,,,,,,,,,EE106423
,,,,,,,,,,,,EE104323
,,,,,,,,,,,,EE105420
,,,,,,,,,,,,EE104857
,,,,,,,,,,,,EE105969
,,,,,,,,,,,,EE107047
,,,,,,,,,,,,EE104523
,,,,,,,,,,,,EE106347
,,,,,,,,,,,,EE104896
,,,,,,,,,,,,EE105178
,,,,,,,,,,,,ADHOC107028
,,,,,,,,,,,,EE106294
,,,,,,,,,,,,EE104346
,,,,,,,,,,,,EE104477
,,,,,,,,,,,,EE105456
,,,,,,,,,,,,EE107112
,,,,,,,,,,,,EE106626
,,,,,,,,,,,,ADHOC107313
,,,,,,,,,,,,EE104748
,,,,,,,,,,,,EE105309
,,,,,,,,,,,,EE104949
,,,,,,,,,,,,EE105803
,,,,,,,,,,,,EE106840
,,,,,,,,,,,,EE105342
,,,,,,,,,,,,EE106728
,,,,,,,,,,,,EE104534
,,,,,,,,,,,,EE106800
,,,,,,,,,,,,EE104529
,,,,,,,,,,,,EE105483
,,,,,,,,,,,,EE104144
,,,,,,,,,,,,EE106559
,,,,,,,,,,,,EE106709
,,,,,,,,,,,,EE106589
,,,,,,,,,,,,EE107096
,,,,,,,,,,,,EE105826
,,,,,,,,,,,,EE106113
,,,,,,,,,,,,EE104889
,,,,,,,,,,,,EE107124
,,,,,,,,,,,,EE104137
,,,,,,,,,,,,EE104501
,,,,,,,,,,,,EE105011
,,,,,,,,,,,,EE104885
,,,,,,,,,,,,EE106313
,,,,,,,,,,,,EE104794
,,,,,,,,,,,,EE106774
,,,,,,,,,,,,EE106435
,,,,,,,,,,,,EE105268
,,,,,,,,,,,,EE105618
,,,,,,,,,,,,EE104436
,,,,,,,,,,,,EE104938
,,,,,,,,,,,,EE106252
,,,,,,,,,,,,EE104507
,,,,,,,,,,,,EE104664
,,,,,,,,,,,,EE105433
,,,,,,,,,,,,EE104781
,,,,,,,,,,,,EE106096
,,,,,,,,,,,,EE105492
,,,,,,,,,,,,EE106201
,,,,,,,,,,,,EE106782
,,,,,,,,,,,,EE106507
,,,,,,,,,,,,EE105870
,,,,,,,,,,,,EE104006
,,,,,,,,,,,,EE106027
,,,,,,,,,,,,EE106105
,,,,,,,,,,,,EE106847
,,,,,,,,,,,,EE104291
,,,,,,,,,,,,EE104052
,,,,,,,,,,,,EE104176
,,,,,,,,,,,,EE104822
,,,,,,,,,,,,EE105717
,,,,,,,,,,,,EE106817
,,,,,,,,,,,,EE104862
,,,,,,,,,,,,EE104079
,,,,,,,,,,,,EE105176
,,,,,,,,,,,,EE105811
,,,,,,,,,,,,EE106670
,,,,,,,,,,,,EE105842
,,,,,,,,,,,,EE104737
,,,,,,,,,,,,EE104515
,,,,,,,,,,,,EE105747
,,,,,,,,,,,,EE106784
,,,,,,,,,,,,EE106424
,,,,,,,,,,,,EE106771
,,,,,,,,,,,,EE106854
,,,,,,,,,,,,EE106034
,,,,,,,,,,,,EE105905
,,,,,,,,,,,,EE104165
,,,,,,,,,,,,EE105630
,,,,,,,,,,,,EE105643
,,,,,,,,,,,,EE106706
,,,,,,,,,,,,EE106557
,,,,,,,,,,,,EE106580
,,,,,,,,,,,,EE106796
,,,,,,,,,,,,EE107051
,,,,,,,,,,,,ADHOC107294
,,,,,,,,,,,,EE105243
,,,,,,,,,,,,EE106620
,,,,,,,,,,,,EE106108
,,,,,,,,,,,,ADHOC107290
,,,,,,,,,,,,EE104021
,,,,,,,,,,,,EE104537
,,,,,,,,,,,,EE106654
,,,,,,,,,,,,EE104696
,,,,,,,,,,,,EE105989
,,,,,,,,,,,,EE104790
,,,,,,,,,,,,EE105294
,,,,,,,,,,,,EE105200
,,,,,,,,,,,,EE106699
,,,,,,,,,,,,EE106653
,,,,,,,,,,,,EE105463
,,,,,,,,,,,,EE105726
,,,,,,,,,,,,EE104161
,,,,,,,,,,,,EE104212
,,,,,,,,,,,,EE106361
,,,,,,,,,,,,EE105129
,,,,,,,,,,,,EE104732
,,,,,,,,,,,,ADHOC106927
,,,,,,,,,,,,EE104288
,,,,,,,,,,,,EE104680
,,,,,,,,,,,,PID107266
,,,,,,,,,,,,EE104185
,,,,,,,,,,,,EE106668
,,,,,,,,,,,,EE104663
,,,,,,,,,,,,EE106813
,,,,,,,,,,,,EE106036
,,,,,,,,,,,,EE106283
,,,,,,,,,,,,EE105073
,,,,,,,,,,,,EE106406
,,,,,,,,,,,,EE106341
,,,,,,,,,,,,EE104204
,,,,,,,,,,,,EE105642
,,,,,,,,,,,,EE105787
,,,,,,,,,,,,EE106562
,,,,,,,,,,,,EE104625
,,,,,,,,,,,,EE104018
,,,,,,,,,,,,EE105149
,,,,,,,,,,,,EE104080
,,,,,,,,,,,,EE105080
,,,,,,,,,,,,EE105551
,,,,,,,,,,,,EE105773
,,,,,,,,,,,,ADHOC106997
,,,,,,,,,,,,EE105092
,,,,,,,,,,,,EE105807
,,,,,,,,,,,,EE104621
,,,,,,,,,,,,EE104516
,,,,,,,,,,,,EE105095
,,,,,,,,,,,,EE104012
,,,,,,,,,,,,EE106452
,,,,,,,,,,,,ADHOC107149
,,,,,,,,,,,,EE106716
,,,,,,,,,,,,ADHOC106994
,,,,,,,,,,,,EE106251
,,,,,,,,,,,,EE104385
,,,,,,,,,,,,EE106485
,,,,,,,,,,,,EE104423
,,,,,,,,,,,,EE105632
,,,,,,,,,,,,EE105347
,,,,,,,,,,,,EE106469
,,,,,,,,,,,,EE103979
,,,,,,,,,,,,EE106176
,,,,,,,,,,,,EE104969
,,,,,,,,,,,,EE104655
,,,,,,,,,,,,EE104360
,,,,,,,,,,,,EE104970
,,,,,,,,,,,,EE104567
,,,,,,,,,,,,EE104022
,,,,,,,,,,,,EE104214
,,,,,,,,,,,,EE104636
,,,,,,,,,,,,EE104617
,,,,,,,,,,,,ADHOC107283
,,,,,,,,,,,,EE106518
,,,,,,,,,,,,EE105271
,,,,,,,,,,,,ADHOC107107
,,,,,,,,,,,,EE104085
,,,,,,,,,,,,EE106575
,,,,,,,,,,,,EE106280
,,,,,,,,,,,,EE106623
,,,,,,,,,,,,ADHOC107038
,,,,,,,,,,,,EE105389
,,,,,,,,,,,,EE104264
,,,,,,,,,,,,EE103992
,,,,,,,,,,,,EE105118
,,,,,,,,,,,,EE105931
,,,,,,,,,,,,EE106856
,,,,,,,,,,,,EE104618
,,,,,,,,,,,,ADHOC107144
,,,,,,,,,,,,EE105194
,,,,,,,,,,,,EE105248
,,,,,,,,,,,,EE104945
,,,,,,,,,,,,EE106087
,,,,,,,,,,,,EE106868
,,,,,,,,,,,,EE105804
,,,,,,,,,,,,EE104886
,,,,,,,,,,,,EE106573
,,,,,,,,,,,,EE105220
,,,,,,,,,,,,EE104502
,,,,,,,,,,,,EE107132
,,,,,,,,,,,,EE105224
,,,,,,,,,,,,EE105563
,,,,,,,,,,,,EE104340
,,,,,,,,,,,,EE106353
,,,,,,,,,,,,EE104078
,,,,,,,,,,,,ADHOC107236
,,,,,,,,,,,,EE104939
,,,,,,,,,,,,EE105932
,,,,,,,,,,,,EE104248
,,,,,,,,,,,,EE106693
,,,,,,,,,,,,EE104681
,,,,,,,,,,,,EE104738
,,,,,,,,,,,,EE105150
,,,,,,,,,,,,EE104380
,,,,,,,,,,,,EE105917
,,,,,,,,,,,,EE106078
,,,,,,,,,,,,EE106155
,,,,,,,,,,,,EE105160
,,,,,,,,,,,,EE106103
,,,,,,,,,,,,EE105086
,,,,,,,,,,,,EE106167
,,,,,,,,,,,,EE106741
,,,,,,,,,,,,EE105376
,,,,,,,,,,,,EE104211
,,,,,,,,,,,,ADHOC107256
,,,,,,,,,,,,EE104579
,,,,,,,,,,,,EE105440
,,,,,,,,,,,,EE105306
,,,,,,,,,,,,EE104173
,,,,,,,,,,,,EE105832
,,,,,,,,,,,,EE104010
,,,,,,,,,,,,EE105370
,,,,,,,,,,,,EE104700
,,,,,,,,,,,,ADHOC107226
,,,,,,,,,,,,EE106066
,,,,,,,,,,,,ADHOC107074
,,,,,,,,,,,,EE106425
,,,,,,,,,,,,EE105553
,,,,,,,,,,,,EE106199
,,,,,,,,,,,,EE106376
,,,,,,,,,,,,EE106696
,,,,,,,,,,,,EE106742
,,,,,,,,,,,,EE104666
,,,,,,,,,,,,ADHOC106941
,,,,,,,,,,,,EE105592
,,,,,,,,,,,,EE106016
,,,,,,,,,,,,EE104226
,,,,,,,,,,,,EE104147
,,,,,,,,,,,,EE104162
,,,,,,,,,,,,EE105229
,,,,,,,,,,,,EE104954
,,,,,,,,,,,,PID106900
,,,,,,,,,,,,EE105015
,,,,,,,,,,,,EE105292
,,,,,,,,,,,,EE106567
,,,,,,,,,,,,EE104742
,,,,,,,,,,,,EE106205
,,,,,,,,,,,,EE104922
,,,,,,,,,,,,EE105528
,,,,,,,,,,,,EE104674
,,,,,,,,,,,,EE106061
,,,,,,,,,,,,EE105926
,,,,,,,,,,,,EE104081
,,,,,,,,,,,,EE106535
,,,,,,,,,,,,EE104451
,,,,,,,,,,,,EE106505
,,,,,,,,,,,,EE106825
,,,,,,,,,,,,EE103994
,,,,,,,,,,,,EE104129
,,,,,,,,,,,,EE106362
,,,,,,,,,,,,ADHOC107276
,,,,,,,,,,,,EE105431
,,,,,,,,,,,,EE105215
,,,,,,,,,,,,EE105304
,,,,,,,,,,,,EE106853
,,,,,,,,,,,,EE104479
,,,,,,,,,,,,EE106491
,,,,,,,,,,,,EE104545
,,,,,,,,,,,,EE104483
,,,,,,,,,,,,EE105476
,,,,,,,,,,,,EE104397
,,,,,,,,,,,,EE106242
,,,,,,,,,,,,EE106880
,,,,,,,,,,,,EE106882
,,,,,,,,,,,,EE105236
,,,,,,,,,,,,EE105008
,,,,,,,,,,,,EE105327
,,,,,,,,,,,,EE106411
,,,,,,,,,,,,EE104433
,,,,,,,,,,,,EE106202
,,,,,,,,,,,,EE104616
,,,,,,,,,,,,EE105568
,,,,,,,,,,,,EE104126
,,,,,,,,,,,,EE104244
,,,,,,,,,,,,EE106151
,,,,,,,,,,,,EE106639
,,,,,,,,,,,,EE104531
,,,,,,,,,,,,EE104472
,,,,,,,,,,,,EE105213
,,,,,,,,,,,,EE105443
,,,,,,,,,,,,EE104490
,,,,,,,,,,,,ADHOC107146
,,,,,,,,,,,,EE104350
,,,,,,,,,,,,EE107045
,,,,,,,,,,,,EE104747
,,,,,,,,,,,,EE105536
,,,,,,,,,,,,EE105399
,,,,,,,,,,,,EE105296
,,,,,,,,,,,,EE105525
,,,,,,,,,,,,EE105723
,,,,,,,,,,,,EE105146
,,,,,,,,,,,,PID106898
,,,,,,,,,,,,ADHOC106939
,,,,,,,,,,,,ADHOC107293
,,,,,,,,,,,,EE104849
,,,,,,,,,,,,EE105837
,,,,,,,,,,,,ADHOC107005
,,,,,,,,,,,,EE106582
,,,,,,,,,,,,EE105262
,,,,,,,,,,,,EE105423
,,,,,,,,,,,,EE104125
,,,,,,,,,,,,EE104355
,,,,,,,,,,,,EE104589
,,,,,,,,,,,,ADHOC107298
,,,,,,,,,,,,EE106324
,,,,,,,,,,,,EE104964
,,,,,,,,,,,,ADHOC106957
,,,,,,,,,,,,EE106358
,,,,,,,,,,,,EE104533
,,,,,,,,,,,,EE104188
,,,,,,,,,,,,EE106385
,,,,,,,,,,,,ADHOC107254
,,,,,,,,,,,,EE106356
,,,,,,,,,,,,EE104443
,,,,,,,,,,,,EE106082
,,,,,,,,,,,,EE106489
,,,,,,,,,,,,EE105667
,,,,,,,,,,,,EE106279
,,,,,,,,,,,,EE106757
,,,,,,,,,,,,ADHOC107297
,,,,,,,,,,,,EE105066
,,,,,,,,,,,,EE104662
,,,,,,,,,,,,EE104871
,,,,,,,,,,,,EE105909
,,,,,,,,,,,,EE106566
,,,,,,,,,,,,EE106816
,,,,,,,,,,,,ADHOC107111
,,,,,,,,,,,,EE104474
,,,,,,,,,,,,EE106278
,,,,,,,,,,,,ADHOC107301
,,,,,,,,,,,,EE105059
,,,,,,,,,,,,EE105843
,,,,,,,,,,,,EE105688
,,,,,,,,,,,,EE105257
,,,,,,,,,,,,EE105127
,,,,,,,,,,,,EE106608
,,,,,,,,,,,,ADHOC107247
,,,,,,,,,,,,EE105140
,,,,,,,,,,,,EE107016
,,,,,,,,,,,,EE105740
,,,,,,,,,,,,EE106300
,,,,,,,,,,,,EE105517
,,,,,,,,,,,,EE105580
,,,,,,,,,,,,EE106431
,,,,,,,,,,,,ADHOC107239
,,,,,,,,,,,,EE104610
,,,,,,,,,,,,EE104250
,,,,,,,,,,,,EE104963
,,,,,,,,,,,,EE104512
,,,,,,,,,,,,EE104054
,,,,,,,,,,,,EE104471
,,,,,,,,,,,,EE105693
,,,,,,,,,,,,ADHOC106940
,,,,,,,,,,,,EE104824
,,,,,,,,,,,,EE106344
,,,,,,,,,,,,EE104480
,,,,,,,,,,,,EE106060
,,,,,,,,,,,,EE104721
,,,,,,,,,,,,EE105444
,,,,,,,,,,,,EE107067
,,,,,,,,,,,,EE104546
,,,,,,,,,,,,EE106322
,,,,,,,,,,,,EE106473
,,,,,,,,,,,,EE105371
,,,,,,,,,,,,EE105063
,,,,,,,,,,,,EE104714
,,,,,,,,,,,,EE106420
,,,,,,,,,,,,EE106587
,,,,,,,,,,,,EE106152
,,,,,,,,,,,,EE104761
,,,,,,,,,,,,EE104099
,,,,,,,,,,,,EE106440
,,,,,,,,,,,,EE104791
,,,,,,,,,,,,EE104222
,,,,,,,,,,,,EE107108
,,,,,,,,,,,,EE106091
,,,,,,,,,,,,EE104148
,,,,,,,,,,,,EE104551
,,,,,,,,,,,,EE104887
,,,,,,,,,,,,EE105259
,,,,,,,,,,,,EE105934
,,,,,,,,,,,,EE106413
,,,,,,,,,,,,EE104498
,,,,,,,,,,,,EE104870
,,,,,,,,,,,,EE105539
,,,,,,,,,,,,EE105950
,,,,,,,,,,,,EE103988
,,,,,,,,,,,,EE105901
,,,,,,,,,,,,EE106211
,,,,,,,,,,,,EE104295
,,,,,,,,,,,,EE106672
,,,,,,,,,,,,EE106156
,,,,,,,,,,,,EE104850
,,,,,,,,,,,,EE105620
,,,,,,,,,,,,EE106370
,,,,,,,,,,,,EE106714
,,,,,,,,,,,,ADHOC107268
,,,,,,,,,,,,EE104262
,,,,,,,,,,,,EE104332
,,,,,,,,,,,,EE105157
,,,,,,,,,,,,EE104728
,,,,,,,,,,,,EE106028
,,,,,,,,,,,,EE104991
,,,,,,,,,,,,EE106708
,,,,,,,,,,,,EE104632
,,,,,,,,,,,,EE106177
,,,,,,,,,,,,EE105013
,,,,,,,,,,,,ADHOC106977
,,,,,,,,,,,,EE104897
,,,,,,,,,,,,EE105908
,,,,,,,,,,,,EE104716
,,,,,,,,,,,,EE105116
,,,,,,,,,,,,EE106578
,,,,,,,,,,,,EE104377
,,,,,,,,,,,,EE105072
,,,,,,,,,,,,EE104025
,,,,,,,,,,,,EE105345
,,,,,,,,,,,,EE105732
,,,,,,,,,,,,EE106097
,,,,,,,,,,,,EE106544
,,,,,,,,,,,,EE105441
,,,,,,,,,,,,EE105571
,,,,,,,,,,,,EE104631
,,,,,,,,,,,,EE105384
,,,,,,,,,,,,EE106023
,,,,,,,,,,,,ADHOC107037
,,,,,,,,,,,,EE104838
,,,,,,,,,,,,EE105531
,,,,,,,,,,,,EE105647
,,,,,,,,,,,,EE104065
,,,,,,,,,,,,EE105155
,,,,,,,,,,,,EE106365
,,,,,,,,,,,,ADHOC107207
,,,,,,,,,,,,EE104182
,,,,,,,,,,,,EE104240
,,,,,,,,,,,,EE105953
,,,,,,,,,,,,EE106755
,,,,,,,,,,,,EE107062
,,,,,,,,,,,,EE106350
,,,,,,,,,,,,EE104302
,,,,,,,,,,,,EE104396
,,,,,,,,,,,,EE106718
,,,,,,,,,,,,EE105718
,,,,,,,,,,,,EE104726
,,,,,,,,,,,,ADHOC107296
,,,,,,,,,,,,EE104883
,,,,,,,,,,,,EE104082
,,,,,,,,,,,,EE106394
,,,,,,,,,,,,EE105626
,,,,,,,,,,,,EE104955
,,,,,,,,,,,,EE104562
,,,,,,,,,,,,EE105434
,,,,,,,,,,,,EE105477
,,,,,,,,,,,,EE104717
,,,,,,,,,,,,EE105985
,,,,,,,,,,,,EE104101
,,,,,,,,,,,,PID107267
,,,,,,,,,,,,EE104351
,,,,,,,,,,,,EE104509
,,,,,,,,,,,,EE105482
,,,,,,,,,,,,EE104608
,,,,,,,,,,,,EE104854
,,,,,,,,,,,,EE105191
,,,,,,,,,,,,EE104001
,,,,,,,,,,,,EE106692
,,,,,,,,,,,,EE105000
,,,,,,,,,,,,EE105714
,,,,,,,,,,,,EE104829
,,,,,,,,,,,,EE104198
,,,,,,,,,,,,ADHOC107273
,,,,,,,,,,,,EE106642
,,,,,,,,,,,,EE104181
,,,,,,,,,,,,EE106636
,,,,,,,,,,,,EE105610
,,,,,,,,,,,,EE106467
,,,,,,,,,,,,EE104901
,,,,,,,,,,,,EE106395
,,,,,,,,,,,,EE104064
,,,,,,,,,,,,EE104691
,,,,,,,,,,,,EE105521
,,,,,,,,,,,,EE107014
,,,,,,,,,,,,EE104429
,,,,,,,,,,,,EE106099
,,,,,,,,,,,,EE104484
,,,,,,,,,,,,EE105958
,,,,,,,,,,,,EE104247
,,,,,,,,,,,,EE105820
,,,,,,,,,,,,ADHOC107246
,,,,,,,,,,,,EE104296
,,,,,,,,,,,,EE105625
,,,,,,,,,,,,EE105041
,,,,,,,,,,,,ADHOC106963
,,,,,,,,,,,,EE105148
,,,,,,,,,,,,EE104653
,,,,,,,,,,,,EE105875
,,,,,,,,,,,,EE104651
,,,,,,,,,,,,EE104090
,,,,,,,,,,,,EE104319
,,,,,,,,,,,,ADHOC107237
,,,,,,,,,,,,EE106878
,,,,,,,,,,,,EE106050
,,,,,,,,,,,,EE104965
,,,,,,,,,,,,EE104097
,,,,,,,,,,,,EE105289
,,,,,,,,,,,,EE105838
,,,,,,,,,,,,EE106865
,,,,,,,,,,,,EE105745
,,,,,,,,,,,,EE106214
,,,,,,,,,,,,EE104961
,,,,,,,,,,,,EE104206
,,,,,,,,,,,,EE105273
,,,,,,,,,,,,ADHOC107174
,,,,,,,,,,,,EE104014
,,,,,,,,,,,,EE105295
,,,,,,,,,,,,EE104968
,,,,,,,,,,,,EE105354
,,,,,,,,,,,,EE104077
,,,,,,,,,,,,EE106260
,,,,,,,,,,,,EE106381
,,,,,,,,,,,,EE106520
,,,,,,,,,,,,ADHOC107091
,,,,,,,,,,,,EE106320
,,,,,,,,,,,,EE105786
,,,,,,,,,,,,EE105604
,,,,,,,,,,,,EE106166
,,,,,,,,,,,,EE104290
,,,,,,,,,,,,EE105501
,,,,,,,,,,,,EE106739
,,,,,,,,,,,,EE106057
,,,,,,,,,,,,EE104293
,,,,,,,,,,,,EE106614
,,,,,,,,,,,,EE103985
,,,,,,,,,,,,EE106553
,,,,,,,,,,,,EE106504
,,,,,,,,,,,,EE105029
,,,,,,,,,,,,EE104043
,,,,,,,,,,,,EE105743
,,,,,,,,,,,,ADHOC107166
,,,,,,,,,,,,EE105022
,,,,,,,,,,,,EE105171
,,,,,,,,,,,,EE105298
,,,,,,,,,,,,EE104689
,,,,,,,,,,,,EE104953
,,,,,,,,,,,,EE104069
,,,,,,,,,,,,EE104143
,,,,,,,,,,,,EE105308
,,,,,,,,,,,,EE104394
,,,,,,,,,,,,EE105648
,,,,,,,,,,,,EE104950
,,,,,,,,,,,,EE105429
,,,,,,,,,,,,EE106375
,,,,,,,,,,,,EE105782
,,,,,,,,,,,,EE105999
,,,,,,,,,,,,EE105788
,,,,,,,,,,,,ADHOC106916
,,,,,,,,,,,,ADHOC106917
,,,,,,,,,,,,EE107317
,,,,,,,,,,,,EE105755
,,,,,,,,,,,,EE105421
,,,,,,,,,,,,EE105101
,,,,,,,,,,,,EE106408
,,,,,,,,,,,,EE106798
,,,,,,,,,,,,ADHOC107036
,,,,,,,,,,,,EE104320
,,,,,,,,,,,,EE105992
,,,,,,,,,,,,EE105893
,,,,,,,,,,,,EE107128
,,,,,,,,,,,,EE104978
,,,,,,,,,,,,ADHOC106995
,,,,,,,,,,,,EE104356
,,,,,,,,,,,,EE106885
,,,,,,,,,,,,EE104539
,,,,,,,,,,,,EE105879
,,,,,,,,,,,,EE104187
,,,,,,,,,,,,EE106253
,,,,,,,,,,,,EE104893
,,,,,,,,,,,,EE106308
,,,,,,,,,,,,EE105674
,,,,,,,,,,,,EE105489
,,,,,,,,,,,,EE106788
,,,,,,,,,,,,EE104672
,,,,,,,,,,,,EE106196
,,,,,,,,,,,,EE105692
,,,,,,,,,,,,EE106512
,,,,,,,,,,,,EE107098
,,,,,,,,,,,,EE105830
,,,,,,,,,,,,EE104875
,,,,,,,,,,,,EE105082
,,,,,,,,,,,,EE105558
,,,,,,,,,,,,EE104445
,,,,,,,,,,,,EE105502
,,,,,,,,,,,,EE106031
,,,,,,,,,,,,EE104075
,,,,,,,,,,,,EE106377
,,,,,,,,,,,,EE104036
,,,,,,,,,,,,EE104260
,,,,,,,,,,,,EE106236
,,,,,,,,,,,,EE104004
,,,,,,,,,,,,EE106576
,,,,,,,,,,,,EE106777
,,,,,,,,,,,,EE107120
,,,,,,,,,,,,EE104684
,,,,,,,,,,,,EE105199
,,,,,,,,,,,,EE104234
,,,,,,,,,,,,EE105048
,,,,,,,,,,,,EE106561
,,,,,,,,,,,,EE105395
,,,,,,,,,,,,EE106684
,,,,,,,,,,,,EE105042
,,,,,,,,,,,,ADHOC107002
,,,,,,,,,,,,EE106147
,,,,,,,,,,,,EE104559
,,,,,,,,,,,,EE106070
,,,,,,,,,,,,EE105540
,,,,,,,,,,,,EE105425
,,,,,,,,,,,,EE105014
,,,,,,,,,,,,EE106495
,,,,,,,,,,,,ADHOC106907
,,,,,,,,,,,,EE105906
,,,,,,,,,,,,EE105260
,,,,,,,,,,,,EE106396
,,,,,,,,,,,,ADHOC107205
,,,,,,,,,,,,EE105532
,,,,,,,,,,,,ADHOC106937
,,,,,,,,,,,,ADHOC107257
,,,,,,,,,,,,EE106437
,,,,,,,,,,,,EE104402
,,,,,,,,,,,,EE105362
,,,,,,,,,,,,EE104904
,,,,,,,,,,,,EE104720
,,,,,,,,,,,,EE105966
,,,,,,,,,,,,EE104946
,,,,,,,,,,,,EE106309
,,,,,,,,,,,,EE105083
,,,,,,,,,,,,ADHOC106915
,,,,,,,,,,,,EE105311
,,,,,,,,,,,,EE105406
,,,,,,,,,,,,EE105439
,,,,,,,,,,,,EE105094
,,,,,,,,,,,,EE105758
,,,,,,,,,,,,EE104329
,,,,,,,,,,,,EE105679
,,,,,,,,,,,,EE104314
,,,,,,,,,,,,EE106721
,,,,,,,,,,,,EE104859
,,,,,,,,,,,,ADHOC107192
,,,,,,,,,,,,EE106338
,,,,,,,,,,,,EE104998
,,,,,,,,,,,,EE104699
,,,,,,,,,,,,EE105986
,,,,,,,,,,,,EE104434
,,,,,,,,,,,,EE104744
,,,,,,,,,,,,EE106471
,,,,,,,,,,,,EE104218
,,,,,,,,,,,,EE105728
,,,,,,,,,,,,EE106017
,,,,,,,,,,,,EE104799
,,,,,,,,,,,,EE105754
,,,,,,,,,,,,EE105734
,,,,,,,,,,,,EE106169
,,,,,,,,,,,,EE106259
,,,,,,,,,,,,EE106763
,,,,,,,,,,,,EE106848
,,,,,,,,,,,,EE105223
,,,,,,,,,,,,EE107059
,,,,,,,,,,,,ADHOC106904
,,,,,,,,,,,,EE106248
,,,,,,,,,,,,EE104175
,,,,,,,,,,,,EE106124
,,,,,,,,,,,,ADHOC107245
,,,,,,,,,,,,EE105282
,,,,,,,,,,,,EE104770
,,,,,,,,,,,,EE105465
,,,,,,,,,,,,EE106044
,,,,,,,,,,,,EE106842
,,,,,,,,,,,,EE104990
,,,,,,,,,,,,EE106864
,,,,,,,,,,,,EE105781
,,,,,,,,,,,,EE105177
,,,,,,,,,,,,ADHOC107292
,,,,,,,,,,,,EE103987
,,,,,,,,,,,,EE104156
,,,,,,,,,,,,EE104796
,,,,,,,,,,,,EE104595
,,,,,,,,,,,,EE104558
,,,,,,,,,,,,EE104108
,,,,,,,,,,,,EE104403
,,,,,,,,,,,,EE105197
,,,,,,,,,,,,EE105680
,,,,,,,,,,,,EE105949
,,,,,,,,,,,,EE104189
,,,,,,,,,,,,EE106552
,,,,,,,,,,,,EE106630
,,,,,,,,,,,,EE104219
,,,,,,,,,,,,EE105666
,,,,,,,,,,,,EE104649
,,,,,,,,,,,,EE104150
,,,,,,,,,,,,EE104279
,,,,,,,,,,,,EE105302
,,,,,,,,,,,,EE106483
,,,,,,,,,,,,EE106591
,,,,,,,,,,,,EE107063
,,,,,,,,,,,,EE106040
,,,,,,,,,,,,EE104195
,,,,,,,,,,,,EE105991
,,,,,,,,,,,,EE106213
,,,,,,,,,,,,EE104254
,,,,,,,,,,,,EE106500
,,,,,,,,,,,,EE107012
,,,,,,,,,,,,EE106594
,,,,,,,,,,,,EE106275
,,,,,,,,,,,,EE106335
,,,,,,,,,,,,EE105579
,,,,,,,,,,,,EE107078
,,,,,,,,,,,,EE104093
,,,,,,,,,,,,EE104679
,,,,,,,,,,,,EE104767
,,,,,,,,,,,,ADHOC106999
,,,,,,,,,,,,EE106026
,,,,,,,,,,,,EE106835
,,,,,,,,,,,,EE104496
,,,,,,,,,,,,EE105203
,,,,,,,,,,,,EE104141
,,,,,,,,,,,,EE104656
,,,,,,,,,,,,EE105547
,,,,,,,,,,,,EE104478
,,,,,,,,,,,,EE105601
,,,,,,,,,,,,EE106838
,,,,,,,,,,,,EE106527
,,,,,,,,,,,,EE104640
,,,,,,,,,,,,EE105496
,,,,,,,,,,,,EE105393
,,,,,,,,,,,,EE105996
,,,,,,,,,,,,EE106534
,,,,,,,,,,,,EE104112
,,,,,,,,,,,,EE106127
,,,,,,,,,,,,EE106888
,,,,,,,,,,,,EE106327
,,,,,,,,,,,,EE106003
,,,,,,,,,,,,EE104365
,,,,,,,,,,,,EE104283
,,,,,,,,,,,,EE104241
,,,,,,,,,,,,EE105790
,,,,,,,,,,,,EE106351
,,,,,,,,,,,,EE105612
,,,,,,,,,,,,EE105753
,,,,,,,,,,,,EE104196
,,,,,,,,,,,,EE104542
,,,,,,,,,,,,EE105533
,,,,,,,,,,,,EE104566
,,,,,,,,,,,,EE105379
,,,,,,,,,,,,EE105033
,,,,,,,,,,,,EE105862
,,,,,,,,,,,,EE104582
,,,,,,,,,,,,EE104194
,,,,,,,,,,,,EE105865
,,,,,,,,,,,,EE104575
,,,,,,,,,,,,EE105704
,,,,,,,,,,,,EE106833
,,,,,,,,,,,,EE106392
,,,,,,,,,,,,ADHOC107274
,,,,,,,,,,,,EE106729
,,,,,,,,,,,,EE105742
,,,,,,,,,,,,EE104488
,,,,,,,,,,,,EE104890
,,,,,,,,,,,,EE105797
,,,,,,,,,,,,EE104572
,,,,,,,,,,,,EE106011
,,,,,,,,,,,,EE105764
,,,,,,,,,,,,EE106667
,,,,,,,,,,,,EE106174
,,,,,,,,,,,,EE104437
,,,,,,,,,,,,EE104058
,,,,,,,,,,,,EE105105
,,,,,,,,,,,,EE103999
,,,,,,,,,,,,EE106302
,,,,,,,,,,,,EE106459
,,,,,,,,,,,,EE105114
,,,,,,,,,,,,EE105524
,,,,,,,,,,,,EE105078
,,,,,,,,,,,,EE105744
,,,,,,,,,,,,EE106461
,,,,,,,,,,,,EE104461
,,,,,,,,,,,,EE105567
,,,,,,,,,,,,EE105619
,,,,,,,,,,,,EE105761
,,,,,,,,,,,,EE104357
,,,,,,,,,,,,EE106030
,,,,,,,,,,,,EE105802
,,,,,,,,,,,,EE105550
,,,,,,,,,,,,EE105168
,,,,,,,,,,,,EE105774
,,,,,,,,,,,,EE105473
,,,,,,,,,,,,EE105699
,,,,,,,,,,,,ADHOC107285
,,,,,,,,,,,,EE105323
,,,,,,,,,,,,EE106475
,,,,,,,,,,,,EE104124
,,,,,,,,,,,,EE106281
,,,,,,,,,,,,EE104432
,,,,,,,,,,,,EE106172
,,,,,,,,,,,,EE106783
,,,,,,,,,,,,EE104756
,,,,,,,,,,,,EE104395
,,,,,,,,,,,,EE104786
,,,,,,,,,,,,EE105233
,,,,,,,,,,,,EE104166
,,,,,,,,,,,,EE104749
,,,,,,,,,,,,EE105458
,,,,,,,,,,,,EE105156
,,,,,,,,,,,,EE106545
,,,,,,,,,,,,EE106540
,,,,,,,,,,,,EE104441
,,,,,,,,,,,,EE104002
,,,,,,,,,,,,EE106415
,,,,,,,,,,,,EE106656
,,,,,,,,,,,,EE106183
,,,,,,,,,,,,EE105500
,,,,,,,,,,,,EE106801
,,,,,,,,,,,,ADHOC107202
,,,,,,,,,,,,EE104735
,,,,,,,,,,,,EE104155
,,,,,,,,,,,,EE104338
,,,,,,,,,,,,EE104491
,,,,,,,,,,,,EE104084
,,,,,,,,,,,,EE106442
,,,,,,,,,,,,EE107040
,,,,,,,,,,,,ADHOC107306
,,,,,,,,,,,,EE104238
,,,,,,,,,,,,EE106841
,,,,,,,,,,,,EE105123
,,,,,,,,,,,,EE104303
,,,,,,,,,,,,EE104697
,,,,,,,,,,,,EE105052
,,,,,,,,,,,,EE105824
,,,,,,,,,,,,EE106132
,,,,,,,,,,,,EE106200
,,,,,,,,,,,,EE104268
,,,,,,,,,,,,EE105264
,,,,,,,,,,,,EE106563
,,,,,,,,,,,,ADHOC107261
,,,,,,,,,,,,EE105128
,,,,,,,,,,,,EE104459
,,,,,,,,,,,,EE105689
,,,,,,,,,,,,EE106598
,,,,,,,,,,,,EE104879
,,,,,,,,,,,,EE104202
,,,,,,,,,,,,EE104289
,,,,,,,,,,,,EE104514
,,,,,,,,,,,,EE106117
,,,,,,,,,,,,EE107065
,,,,,,,,,,,,EE104494
,,,,,,,,,,,,EE105522
,,,,,,,,,,,,EE105288
,,,,,,,,,,,,EE104256
,,,,,,,,,,,,EE105815
,,,,,,,,,,,,EE105896
,,,,,,,,,,,,EE106184
,,,,,,,,,,,,ADHOC107210
,,,,,,,,,,,,EE104375
,,,,,,,,,,,,EE106359
,,,,,,,,,,,,EE105864
,,,,,,,,,,,,EE106829
,,,,,,,,,,,,EE104864
,,,,,,,,,,,,EE106432
,,,,,,,,,,,,ADHOC107312
,,,,,,,,,,,,EE106548
,,,,,,,,,,,,EE106007
,,,,,,,,,,,,EE105109
,,,,,,,,,,,,EE105319
,,,,,,,,,,,,EE104138
,,,,,,,,,,,,EE105313
,,,,,,,,,,,,EE106001
,,,,,,,,,,,,EE105121
,,,,,,,,,,,,EE106769
,,,,,,,,,,,,EE105408
,,,,,,,,,,,,EE105876
,,,,,,,,,,,,EE104828
,,,,,,,,,,,,ADHOC107228
,,,,,,,,,,,,EE106779
,,,,,,,,,,,,EE105422
,,,,,,,,,,,,EE104727
,,,,,,,,,,,,EE105039
,,,,,,,,,,,,ADHOC107173
,,,,,,,,,,,,EE105836
,,,,,,,,,,,,EE104951
,,,,,,,,,,,,EE106458
,,,,,,,,,,,,EE104033
,,,,,,,,,,,,EE106564
,,,,,,,,,,,,EE105916
,,,,,,,,,,,,EE104706
,,,,,,,,,,,,EE104258
,,,,,,,,,,,,EE104976
,,,,,,,,,,,,EE105167
,,,,,,,,,,,,EE106814
,,,,,,,,,,,,EE106399
,,,,,,,,,,,,EE104657
,,,,,,,,,,,,EE104942
,,,,,,,,,,,,EE106768
,,,,,,,,,,,,EE104446
,,,,,,,,,,,,EE105088
,,,,,,,,,,,,EE105219
,,,,,,,,,,,,EE105861
,,,,,,,,,,,,EE106503
,,,,,,,,,,,,EE104269
,,,,,,,,,,,,EE106342
,,,,,,,,,,,,EE105009
,,,,,,,,,,,,EE106171
,,,,,,,,,,,,EE106661
,,,,,,,,,,,,EE105122
,,,,,,,,,,,,EE105979
,,,,,,,,,,,,EE106637
,,,,,,,,,,,,EE105663
,,,,,,,,,,,,EE104992
,,,,,,,,,,,,EE106754
,,,,,,,,,,,,EE107095
,,,,,,,,,,,,EE104059
,,,,,,,,,,,,EE106247
,,,,,,,,,,,,EE105281
,,,,,,,,,,,,ADHOC107204
,,,,,,,,,,,,EE105380
,,,,,,,,,,,,EE106756
,,,,,,,,,,,,EE106422
,,,,,,,,,,,,EE104626
,,,,,,,,,,,,EE104836
,,,,,,,,,,,,EE106277
,,,,,,,,,,,,EE105090
,,,,,,,,,,,,EE105404
,,,,,,,,,,,,EE104541
,,,,,,,,,,,,EE104466
,,,,,,,,,,,,ADHOC107209
,,,,,,,,,,,,EE104924
,,,,,,,,,,,,ADHOC107277
,,,,,,,,,,,,EE105226
,,,,,,,,,,,,ADHOC107217
,,,,,,,,,,,,EE105883
,,,,,,,,,,,,EE106075
,,,,,,,,,,,,EE107058
,,,,,,,,,,,,EE104644
,,,,,,,,,,,,EE105208
,,,,,,,,,,,,EE104797
,,,,,,,,,,,,EE106056
,,,,,,,,,,,,EE105849
,,,,,,,,,,,,EE105475
,,,,,,,,,,,,EE104060
,,,,,,,,,,,,EE104370
,,,,,,,,,,,,EE105556
,,,,,,,,,,,,EE104841
,,,,,,,,,,,,EE107061
,,,,,,,,,,,,EE104464
,,,,,,,,,,,,ADHOC107288
,,,,,,,,,,,,EE106137
,,,,,,,,,,,,EE106651
,,,,,,,,,,,,EE104020
,,,,,,,,,,,,ADHOC106930
,,,,,,,,,,,,ADHOC106953
,,,,,,,,,,,,EE104764
,,,,,,,,,,,,ADHOC106913
,,,,,,,,,,,,EE104888
,,,,,,,,,,,,EE104580
,,,,,,,,,,,,EE105383
,,,,,,,,,,,,EE107080
,,,,,,,,,,,,EE105885
,,,,,,,,,,,,EE104499
,,,,,,,,,,,,EE105442
,,,,,,,,,,,,EE105576
,,,,,,,,,,,,EE105621
,,,,,,,,,,,,EE105499
,,,,,,,,,,,,EE106671
,,,,,,,,,,,,EE104934
,,,,,,,,,,,,EE105204
,,,,,,,,,,,,EE105818
,,,,,,,,,,,,EE104917
,,,,,,,,,,,,EE104220
,,,,,,,,,,,,EE106190
,,,,,,,,,,,,EE104388
,,,,,,,,,,,,EE105079
,,,,,,,,,,,,EE105158
,,,,,,,,,,,,EE104426
,,,,,,,,,,,,EE106349
,,,,,,,,,,,,EE104553
,,,,,,,,,,,,EE106468
,,,,,,,,,,,,EE105829
,,,,,,,,,,,,EE105541
,,,,,,,,,,,,EE106477
,,,,,,,,,,,,ADHOC107263
,,,,,,,,,,,,EE104598
,,,,,,,,,,,,EE105196
,,,,,,,,,,,,EE105334
,,,,,,,,,,,,ADHOC107032
,,,,,,,,,,,,EE105210
,,,,,,,,,,,,EE105930
,,,,,,,,,,,,EE106674
,,,,,,,,,,,,EE106715
,,,,,,,,,,,,EE105683
,,,,,,,,,,,,ADHOC106945
,,,,,,,,,,,,EE107121
,,,,,,,,,,,,EE105272
,,,,,,,,,,,,EE105562
,,,,,,,,,,,,EE105990
,,,,,,,,,,,,EE104759
,,,,,,,,,,,,EE105040
,,,,,,,,,,,,EE105006
,,,,,,,,,,,,EE105598
,,,,,,,,,,,,EE107054
,,,,,,,,,,,,ADHOC107287
,,,,,,,,,,,,EE106084
,,,,,,,,,,,,EE106209
,,,,,,,,,,,,EE105367
,,,,,,,,,,,,EE106291
,,,,,,,,,,,,EE104317
,,,,,,,,,,,,EE105023
,,,,,,,,,,,,EE105943
,,,,,,,,,,,,EE106633
,,,,,,,,,,,,EE106733
,,,,,,,,,,,,EE106210
,,,,,,,,,,,,EE105098
,,,,,,,,,,,,EE105137
,,,,,,,,,,,,EE104485
,,,,,,,,,,,,EE104564
,,,,,,,,,,,,EE104800
,,,,,,,,,,,,EE105187
,,,,,,,,,,,,EE105716
,,,,,,,,,,,,EE105888
,,,,,,,,,,,,EE106488
,,,,,,,,,,,,ADHOC106942
,,,,,,,,,,,,EE104164
,,,,,,,,,,,,EE105075
,,,,,,,,,,,,EE105793
,,,,,,,,,,,,EE106616
,,,,,,,,,,,,EE106372
,,,,,,,,,,,,EE105823
,,,,,,,,,,,,EE105449
,,,,,,,,,,,,EE106021
,,,,,,,,,,,,EE105064
,,,,,,,,,,,,EE105636
,,,,,,,,,,,,EE104725
,,,,,,,,,,,,EE105300
,,,,,,,,,,,,EE107086
,,,,,,,,,,,,EE105712
,,,,,,,,,,,,EE104272
,,,,,,,,,,,,EE106822
,,,,,,,,,,,,EE105365
,,,,,,,,,,,,EE107055
,,,,,,,,,,,,EE107093
,,,,,,,,,,,,EE105162
,,,,,,,,,,,,ADHOC106956
,,,,,,,,,,,,EE106844
,,,,,,,,,,,,EE104624
,,,,,,,,,,,,EE105045
,,,,,,,,,,,,EE104975
,,,,,,,,,,,,EE106726
,,,,,,,,,,,,EE106463
,,,,,,,,,,,,EE104046
,,,,,,,,,,,,EE105192
,,,,,,,,,,,,ADHOC107249
,,,,,,,,,,,,EE104038
,,,,,,,,,,,,EE105265
,,,,,,,,,,,,EE105645
,,,,,,,,,,,,EE106182
,,,,,,,,,,,,EE106077
,,,,,,,,,,,,EE105287
,,,,,,,,,,,,EE105892
,,,,,,,,,,,,EE104316
,,,,,,,,,,,,EE106688
,,,,,,,,,,,,EE104100
,,,,,,,,,,,,EE106655
,,,,,,,,,,,,EE104929
,,,,,,,,,,,,EE106226
,,,,,,,,,,,,EE104718
,,,,,,,,,,,,EE104848
,,,,,,,,,,,,EE105638
,,,,,,,,,,,,EE104334
,,,,,,,,,,,,EE105844
,,,,,,,,,,,,EE106095
,,,,,,,,,,,,EE104442
,,,,,,,,,,,,EE104933
,,,,,,,,,,,,EE104282
,,,,,,,,,,,,EE105343
,,,,,,,,,,,,EE105163
,,,,,,,,,,,,EE106191
,,,,,,,,,,,,EE105833
,,,,,,,,,,,,EE104418
,,,,,,,,,,,,EE105256
,,,,,,,,,,,,EE105607
,,,,,,,,,,,,EE106145
,,,,,,,,,,,,EE105814
,,,,,,,,,,,,EE105687
,,,,,,,,,,,,EE106261
,,,,,,,,,,,,ADHOC107199
,,,,,,,,,,,,EE104444
,,,,,,,,,,,,EE105113
,,,,,,,,,,,,EE105266
,,,,,,,,,,,,EE104431
,,,,,,,,,,,,EE104404
,,,,,,,,,,,,EE104693
,,,,,,,,,,,,EE104923
,,,,,,,,,,,,EE106049
,,,,,,,,,,,,EE107125
,,,,,,,,,,,,EE104203
,,,,,,,,,,,,EE106268
,,,,,,,,,,,,EE105183
,,,,,,,,,,,,EE104985
,,,,,,,,,,,,EE106517
,,,,,,,,,,,,ADHOC107299
,,,,,,,,,,,,EE105652
,,,,,,,,,,,,EE104930
,,,,,,,,,,,,EE104353
,,,,,,,,,,,,EE104270
,,,,,,,,,,,,EE104039
,,,,,,,,,,,,ADHOC106993
,,,,,,,,,,,,EE105372
,,,,,,,,,,,,EE104535
,,,,,,,,,,,,PID106897
,,,,,,,,,,,,EE104561
,,,,,,,,,,,,EE105278
,,,,,,,,,,,,EE105897
,,,,,,,,,,,,EE104745
,,,,,,,,,,,,EE104911
,,,,,,,,,,,,EE104253
,,,,,,,,,,,,EE105590
,,,,,,,,,,,,EE105002
,,,,,,,,,,,,EE106042
,,,,,,,,,,,,EE105467
,,,,,,,,,,,,EE106170
,,,,,,,,,,,,EE104063
,,,,,,,,,,,,EE105454
,,,,,,,,,,,,EE105738
,,,,,,,,,,,,EE106551
,,,,,,,,,,,,EE104768
,,,,,,,,,,,,EE107118
,,,,,,,,,,,,EE105130
,,,,,,,,,,,,EE104438
,,,,,,,,,,,,EE104710
,,,,,,,,,,,,ADHOC106955
,,,,,,,,,,,,EE105564
,,,,,,,,,,,,ADHOC107262
,,,,,,,,,,,,EE104957
,,,,,,,,,,,,EE106142
,,,,,,,,,,,,EE106794
,,,,,,,,,,,,EE105147
,,,,,,,,,,,,EE104389
,,,,,,,,,,,,EE105244
,,,,,,,,,,,,ADHOC106966
,,,,,,,,,,,,EE106694
,,,,,,,,,,,,ADHOC107180
,,,,,,,,,,,,EE104599
,,,,,,,,,,,,EE105397
,,,,,,,,,,,,EE105290
,,,,,,,,,,,,EE106307
,,,,,,,,,,,,EE105827
,,,,,,,,,,,,EE105834
,,,,,,,,,,,,ADHOC107030
,,,,,,,,,,,,EE104232
,,,,,,,,,,,,EE107102
,,,,,,,,,,,,EE105419
,,,,,,,,,,,,EE106079
,,,,,,,,,,,,EE105583
,,,,,,,,,,,,EE104821
,,,,,,,,,,,,EE105361
,,,,,,,,,,,,EE106640
,,,,,,,,,,,,EE105283
,,,,,,,,,,,,EE105662
,,,,,,,,,,,,EE104752
,,,,,,,,,,,,EE104414
,,,,,,,,,,,,EE105574
,,,,,,,,,,,,EE107056
,,,,,,,,,,,,EE104284
,,,,,,,,,,,,EE104977
,,,,,,,,,,,,EE104878
,,,,,,,,,,,,EE105344
,,,,,,,,,,,,EE106811
,,,,,,,,,,,,EE106311
,,,,,,,,,,,,EE105031
,,,,,,,,,,,,EE104034
,,,,,,,,,,,,EE105955
,,,,,,,,,,,,EE105984
,,,,,,,,,,,,EE106229
,,,,,,,,,,,,EE106404
,,,,,,,,,,,,EE106662
,,,,,,,,,,,,EE105708
,,,,,,,,,,,,EE104336
,,,,,,,,,,,,EE106366
,,,,,,,,,,,,EE106765
,,,,,,,,,,,,EE104650
,,,,,,,,,,,,EE104511
,,,,,,,,,,,,EE106041
,,,,,,,,,,,,EE106102
,,,,,,,,,,,,ADHOC107240
,,,,,,,,,,,,EE104042
,,,,,,,,,,,,EE105025
,,,,,,,,,,,,EE104602
,,,,,,,,,,,,EE105929
,,,,,,,,,,,,EE106160
,,,,,,,,,,,,EE106689
,,,,,,,,,,,,EE104362
,,,,,,,,,,,,EE104988
,,,,,,,,,,,,EE106433
,,,,,,,,,,,,EE104959
,,,,,,,,,,,,EE104228
,,,,,,,,,,,,EE104596
,,,,,,,,,,,,EE105543
,,,,,,,,,,,,EE105722
,,,,,,,,,,,,ADHOC107033
,,,,,,,,,,,,EE106446
,,,,,,,,,,,,EE105661
,,,,,,,,,,,,EE105245
,,,,,,,,,,,,EE106232
,,,,,,,,,,,,EE105776
,,,,,,,,,,,,ADHOC107106
,,,,,,,,,,,,EE105198
,,,,,,,,,,,,EE104802
,,,,,,,,,,,,EE104927
,,,,,,,,,,,,EE104578
,,,,,,,,,,,,EE105611
,,,,,,,,,,,,EE105357
,,,,,,,,,,,,EE104688
,,,,,,,,,,,,ADHOC107113
,,,,,,,,,,,,EE104908
,,,,,,,,,,,,EE104895
,,,,,,,,,,,,EE106722
,,,,,,,,,,,,EE104178
,,,,,,,,,,,,EE104557
,,,,,,,,,,,,EE105729
,,,,,,,,,,,,EE104671
,,,,,,,,,,,,EE106286
,,,,,,,,,,,,EE104958
,,,,,,,,,,,,EE104707
,,,,,,,,,,,,EE106193
,,,,,,,,,,,,EE106033
,,,,,,,,,,,,EE104792
,,,,,,,,,,,,EE106641
,,,,,,,,,,,,EE104399
,,,,,,,,,,,,EE104056
,,,,,,,,,,,,EE105657
,,,,,,,,,,,,ADHOC107278
,,,,,,,,,,,,EE106663
,,,,,,,,,,,,EE105578
,,,,,,,,,,,,EE107066
,,,,,,,,,,,,EE106237
,,,,,,,,,,,,EE106556
,,,,,,,,,,,,EE105459
,,,,,,,,,,,,EE104606
,,,,,,,,,,,,EE104622
,,,,,,,,,,,,EE105235
,,,,,,,,,,,,EE105766
,,,,,,,,,,,,EE106249
,,,,,,,,,,,,EE105850
,,,,,,,,,,,,EE106407
,,,,,,,,,,,,EE105254
,,,,,,,,,,,,EE104669
,,,,,,,,,,,,EE107015
,,,,,,,,,,,,EE105857
,,,,,,,,,,,,EE106511
,,,,,,,,,,,,EE105987
,,,,,,,,,,,,EE105719
,,,,,,,,,,,,EE105527
,,,,,,,,,,,,EE106094
,,,,,,,,,,,,EE105549
,,,,,,,,,,,,EE105232
,,,,,,,,,,,,EE105890
,,,,,,,,,,,,EE106264
,,,,,,,,,,,,EE104344
,,,,,,,,,,,,ADHOC107271
,,,,,,,,,,,,EE106734
,,,,,,,,,,,,EE105921
,,,,,,,,,,,,EE105436
,,,,,,,,,,,,EE105328
,,,,,,,,,,,,EE106207
,,,,,,,,,,,,EE107090
,,,,,,,,,,,,EE104774
,,,,,,,,,,,,EE105364
,,,,,,,,,,,,EE106062
,,,,,,,,,,,,ADHOC106935
,,,,,,,,,,,,EE104447
,,,,,,,,,,,,EE104379
,,,,,,,,,,,,EE105701
,,,,,,,,,,,,ADHOC107223
,,,,,,,,,,,,EE105733
,,,,,,,,,,,,EE104772
,,,,,,,,,,,,EE106541
,,,,,,,,,,,,EE105410
,,,,,,,,,,,,EE105886
,,,,,,,,,,,,EE106323
,,,,,,,,,,,,ADHOC107007
,,,,,,,,,,,,EE105413
,,,,,,,,,,,,EE104343
,,,,,,,,,,,,EE107064
,,,,,,,,,,,,EE106600
,,,,,,,,,,,,EE106055
,,,,,,,,,,,,EE105316
,,,,,,,,,,,,ADHOC107179
,,,,,,,,,,,,PID106899
,,,,,,,,,,,,EE104722
,,,,,,,,,,,,EE105817
,,,,,,,,,,,,EE104199
,,,,,,,,,,,,EE105889
,,,,,,,,,,,,EE106086
,,,,,,,,,,,,EE106093
,,,,,,,,,,,,ADHOC107308
,,,,,,,,,,,,EE106866
,,,,,,,,,,,,EE104860
,,,,,,,,,,,,ADHOC106903
,,,,,,,,,,,,EE106267
,,,,,,,,,,,,EE104817
,,,,,,,,,,,,EE106045
,,,,,,,,,,,,EE104281
,,,,,,,,,,,,EE104833
,,,,,,,,,,,,EE104271
,,,,,,,,,,,,ADHOC107291
,,,,,,,,,,,,EE104789
,,,,,,,,,,,,EE105912
,,,,,,,,,,,,EE104088
,,,,,,,,,,,,EE106585
,,,,,,,,,,,,ADHOC107198
,,,,,,,,,,,,EE107013
,,,,,,,,,,,,EE104227
,,,,,,,,,,,,EE105631
,,,,,,,,,,,,ADHOC107161
,,,,,,,,,,,,EE105067
,,,,,,,,,,,,EE104665
,,,,,,,,,,,,EE104973
,,,,,,,,,,,,EE105938
,,,,,,,,,,,,ADHOC107311
,,,,,,,,,,,,EE104629
,,,,,,,,,,,,EE104560
,,,,,,,,,,,,EE106740
,,,,,,,,,,,,EE105560
,,,,,,,,,,,,EE104646
,,,,,,,,,,,,EE104492
,,,,,,,,,,,,EE104528
,,,,,,,,,,,,EE106789
,,,,,,,,,,,,EE104016
,,,,,,,,,,,,EE104913
,,,,,,,,,,,,EE104495
,,,,,,,,,,,,EE106599
,,,,,,,,,,,,EE107053
,,,,,,,,,,,,EE104503
,,,,,,,,,,,,EE104570
,,,,,,,,,,,,EE104997
,,,,,,,,,,,,EE106223
,,,,,,,,,,,,EE105018
,,,,,,,,,,,,EE104476
,,,,,,,,,,,,EE106839
,,,,,,,,,,,,EE105166
,,,,,,,,,,,,EE104030
,,,,,,,,,,,,EE105727
,,,,,,,,,,,,EE105470
,,,,,,,,,,,,EE104242
,,,,,,,,,,,,EE104865
,,,,,,,,,,,,ADHOC107190
,,,,,,,,,,,,EE104158
,,,,,,,,,,,,EE104341
,,,,,,,,,,,,EE104993
,,,,,,,,,,,,EE105446
,,,,,,,,,,,,EE105478
,,,,,,,,,,,,EE104701
,,,,,,,,,,,,EE104105
,,,,,,,,,,,,EE105891
,,,,,,,,,,,,EE106436
,,,,,,,,,,,,EE106588
,,,,,,,,,,,,EE104500
,,,,,,,,,,,,ADHOC106925
,,,,,,,,,,,,EE105494
,,,,,,,,,,,,EE104694
,,,,,,,,,,,,PID106892
,,,,,,,,,,,,EE105047
,,,,,,,,,,,,EE104067
,,,,,,,,,,,,EE105027
,,,,,,,,,,,,EE106698
,,,,,,,,,,,,EE104987
,,,,,,,,,,,,EE106123
,,,,,,,,,,,,ADHOC107175
,,,,,,,,,,,,EE106453
,,,,,,,,,,,,EE106120
,,,,,,,,,,,,EE105848
,,,,,,,,,,,,EE107131
,,,,,,,,,,,,EE104322
,,,,,,,,,,,,EE105414
,,,,,,,,,,,,ADHOC107235
,,,,,,,,,,,,EE104306
,,,,,,,,,,,,EE103989
,,,,,,,,,,,,EE104936
,,,,,,,,,,,,EE105165
,,,,,,,,,,,,EE106076
,,,,,,,,,,,,EE104335
,,,,,,,,,,,,EE105186
,,,,,,,,,,,,EE104980
,,,,,,,,,,,,ADHOC107302
,,,,,,,,,,,,ADHOC107227
,,,,,,,,,,,,ADHOC107252
,,,,,,,,,,,,EE104995
,,,,,,,,,,,,EE105945
,,,,,,,,,,,,EE106857
,,,,,,,,,,,,EE104647
,,,,,,,,,,,,EE104827
,,,,,,,,,,,,EE104118
,,,,,,,,,,,,EE106773
,,,,,,,,,,,,EE105677
,,,,,,,,,,,,EE104146
,,,,,,,,,,,,EE104504
,,,,,,,,,,,,EE104191
,,,,,,,,,,,,EE104053
,,,,,,,,,,,,EE104898
,,,,,,,,,,,,EE105959
,,,,,,,,,,,,EE106165
,,,,,,,,,,,,EE105145
,,,,,,,,,,,,EE106106
,,,,,,,,,,,,EE105325
,,,,,,,,,,,,EE104134
,,,,,,,,,,,,ADHOC107008
,,,,,,,,,,,,EE104307
,,,,,,,,,,,,EE106000
,,,,,,,,,,,,EE105545
,,,,,,,,,,,,EE105939
,,,,,,,,,,,,ADHOC107203
,,,,,,,,,,,,EE106723
,,,,,,,,,,,,EE106809
,,,,,,,,,,,,EE106818
,,,,,,,,,,,,EE104556
,,,,,,,,,,,,EE106301
,,,,,,,,,,,,EE106479
,,,,,,,,,,,,EE106194
,,,,,,,,,,,,EE105809
,,,,,,,,,,,,EE105968
,,,,,,,,,,,,EE106867
,,,,,,,,,,,,EE105810
,,,,,,,,,,,,EE105944
,,,,,,,,,,,,EE104032
,,,,,,,,,,,,EE104413
,,,,,,,,,,,,EE104536
,,,,,,,,,,,,EE105060
,,,,,,,,,,,,EE105686
,,,,,,,,,,,,EE104229
,,,,,,,,,,,,EE107099
,,,,,,,,,,,,EE104795
,,,,,,,,,,,,EE105253
,,,,,,,,,,,,EE104011
,,,,,,,,,,,,EE105516
,,,,,,,,,,,,EE106222
,,,,,,,,,,,,ADHOC107309
,,,,,,,,,,,,EE105448
,,,,,,,,,,,,EE104525
,,,,,,,,,,,,EE105682
,,,,,,,,,,,,EE105918
,,,,,,,,,,,,EE105049
,,,,,,,,,,,,EE106704
,,,,,,,,,,,,EE104331
,,,,,,,,,,,,EE106543
,,,,,,,,,,,,EE104555
,,,,,,,,,,,,EE105981
,,,,,,,,,,,,EE106717
,,,,,,,,,,,,EE105928
,,,,,,,,,,,,EE106250
,,,,,,,,,,,,EE105660
,,,,,,,,,,,,EE106445
,,,,,,,,,,,,ADHOC107035
,,,,,,,,,,,,ADHOC107208
,,,,,,,,,,,,EE105003
,,,,,,,,,,,,ADHOC107195
,,,,,,,,,,,,EE106146
,,,,,,,,,,,,EE105469
,,,,,,,,,,,,EE105515
,,,,,,,,,,,,EE104095
,,,,,,,,,,,,EE104554
,,,,,,,,,,,,EE104366
,,,,,,,,,,,,EE105491
,,,,,,,,,,,,EE106282
,,,,,,,,,,,,EE106606
,,,,,,,,,,,,EE105068
,,,,,,,,,,,,EE106416
,,,,,,,,,,,,ADHOC106912
,,,,,,,,,,,,EE104197
,,,,,,,,,,,,EE104201
,,,,,,,,,,,,EE105324
,,,,,,,,,,,,EE106067
,,,,,,,,,,,,EE104628
,,,,,,,,,,,,EE105374
,,,,,,,,,,,,EE105024
,,,,,,,,,,,,ADHOC107300
,,,,,,,,,,,,ADHOC107006
,,,,,,,,,,,,EE107122
,,,,,,,,,,,,EE106542
,,,,,,,,,,,,EE104169
,,,,,,,,,,,,EE106230
,,,,,,,,,,,,EE106195
,,,,,,,,,,,,EE106451
,,,,,,,,,,,,EE105927
,,,,,,,,,,,,EE106020
,,,,,,,,,,,,EE104673
,,,,,,,,,,,,EE104120
,,,,,,,,,,,,EE104605
,,,,,,,,,,,,EE105675
,,,,,,,,,,,,EE105694
,,,,,,,,,,,,EE105154
,,,,,,,,,,,,EE107050
,,,,,,,,,,,,EE105462
,,,,,,,,,,,,EE104280
,,,,,,,,,,,,EE105241
,,,,,,,,,,,,EE107085
,,,,,,,,,,,,EE107115
,,,,,,,,,,,,EE106612
,,,,,,,,,,,,EE105935
,,,,,,,,,,,,EE105609
,,,,,,,,,,,,EE105111
,,,,,,,,,,,,EE105032
,,,,,,,,,,,,EE106647
,,,,,,,,,,,,EE105020
,,,,,,,,,,,,EE105061
,,,,,,,,,,,,EE104057
,,,,,,,,,,,,EE105038
,,,,,,,,,,,,EE105731
,,,,,,,,,,,,EE106405
,,,,,,,,,,,,EE106484
,,,,,,,,,,,,EE105655
,,,,,,,,,,,,EE104715
,,,,,,,,,,,,EE106455
,,,,,,,,,,,,EE107104
,,,,,,,,,,,,EE103998
,,,,,,,,,,,,EE106650
,,,,,,,,,,,,EE104308
,,,,,,,,,,,,EE106834
,,,,,,,,,,,,EE104780
,,,,,,,,,,,,ADHOC107011
,,,,,,,,,,,,EE104623
,,,,,,,,,,,,EE105956
,,,,,,,,,,,,EE105286
,,,,,,,,,,,,ADHOC107264
,,,,,,,,,,,,EE105097
,,,,,,,,,,,,ADHOC107211
,,,,,,,,,,,,EE105346
,,,,,,,,,,,,EE104235
,,,,,,,,,,,,EE105182
,,,,,,,,,,,,EE104971
,,,,,,,,,,,,EE104273
,,,,,,,,,,,,EE105507
,,,,,,,,,,,,EE104677
,,,,,,,,,,,,EE105453
,,,,,,,,,,,,EE106383
,,,,,,,,,,,,EE105050
,,,,,,,,,,,,EE105398
,,,,,,,,,,,,EE104458
,,,,,,,,,,,,EE105806
,,,,,,,,,,,,EE107043
,,,,,,,,,,,,EE105705
,,,,,,,,,,,,EE105856
,,,,,,,,,,,,EE105318
,,,,,,,,,,,,ADHOC107269
,,,,,,,,,,,,EE106646
,,,,,,,,,,,,EE107052
,,,,,,,,,,,,EE105115
,,,,,,,,,,,,EE105081
,,,,,,,,,,,,EE105535
,,,,,,,,,,,,EE106460
,,,,,,,,,,,,EE104743
,,,,,,,,,,,,EE106701
,,,,,,,,,,,,EE104652
,,,,,,,,,,,,EE104777
,,,,,,,,,,,,ADHOC106924
,,,,,,,,,,,,EE105261
,,,,,,,,,,,,EE105552
,,,,,,,,,,,,EE104154
,,,,,,,,,,,,EE105629
,,,,,,,,,,,,EE105783
,,,,,,,,,,,,EE105230
,,,,,,,,,,,,EE107123
,,,,,,,,,,,,EE107110
,,,,,,,,,,,,EE104676
,,,,,,,,,,,,EE103983
,,,,,,,,,,,,EE105132
,,,,,,,,,,,,EE106691
,,,,,,,,,,,,EE104702
,,,,,,,,,,,,EE105246
,,,,,,,,,,,,EE104601
,,,,,,,,,,,,EE105970
,,,,,,,,,,,,EE104565
,,,,,,,,,,,,EE106402
,,,,,,,,,,,,EE106686
,,,,,,,,,,,,EE106115
,,,,,,,,,,,,ADHOC107215
,,,,,,,,,,,,EE104249
,,,,,,,,,,,,EE104233
,,,,,,,,,,,,EE106628
,,,,,,,,,,,,EE104614
,,,,,,,,,,,,EE104410
,,,,,,,,,,,,EE104231
,,,,,,,,,,,,EE105382
,,,,,,,,,,,,EE104430
,,,,,,,,,,,,EE105913
,,,,,,,,,,,,EE106490
,,,,,,,,,,,,EE106807
,,,,,,,,,,,,ADHOC107034
,,,,,,,,,,,,EE106464
,,,,,,,,,,,,EE104607
,,,,,,,,,,,,EE104698
,,,,,,,,,,,,EE106274
,,,,,,,,,,,,EE103980
,,,,,,,,,,,,EE107136
,,,,,,,,,,,,EE105779
,,,,,,,,,,,,EE106315
,,,,,,,,,,,,EE106470
,,,,,,,,,,,,EE106761
,,,,,,,,,,,,EE104892
,,,,,,,,,,,,EE106590
,,,,,,,,,,,,EE104844
,,,,,,,,,,,,EE106071
,,,,,,,,,,,,EE104547
,,,,,,,,,,,,EE105102
,,,,,,,,,,,,EE105359
,,,,,,,,,,,,EE105762
,,,,,,,,,,,,EE104168
,,,,,,,,,,,,EE106480
,,,,,,,,,,,,EE105873
,,,,,,,,,,,,EE106531
,,,,,,,,,,,,EE105091
,,,,,,,,,,,,EE105799
,,,,,,,,,,,,EE105599
,,,,,,,,,,,,EE106292
,,,,,,,,,,,,EE106624
,,,,,,,,,,,,ADHOC107156
,,,,,,,,,,,,EE105314
,,,,,,,,,,,,EE105676
,,,,,,,,,,,,EE104563
,,,,,,,,,,,,EE104116
,,,,,,,,,,,,EE104584
,,,,,,,,,,,,EE106869
,,,,,,,,,,,,EE104574
,,,,,,,,,,,,EE104876
,,,,,,,,,,,,EE104960
,,,,,,,,,,,,EE104508
,,,,,,,,,,,,EE106481
,,,,,,,,,,,,EE106254
,,,,,,,,,,,,EE106881
,,,,,,,,,,,,EE105960
,,,,,,,,,,,,EE106163
,,,,,,,,,,,,EE105565
,,,,,,,,,,,,EE106233
,,,,,,,,,,,,EE105100
,,,,,,,,,,,,EE105623
,,,,,,,,,,,,EE105746
,,,,,,,,,,,,EE104912
,,,,,,,,,,,,EE106529
,,,,,,,,,,,,EE105789
,,,,,,,,,,,,EE106429
,,,,,,,,,,,,EE105093
,,,,,,,,,,,,EE105894
,,,,,,,,,,,,EE105529
,,,,,,,,,,,,EE105739
,,,,,,,,,,,,EE104398
,,,,,,,,,,,,EE105697
,,,,,,,,,,,,EE104140
,,,,,,,,,,,,EE106812
,,,,,,,,,,,,EE105577
,,,,,,,,,,,,EE105035
,,,,,,,,,,,,EE104642
,,,,,,,,,,,,EE106772
,,,,,,,,,,,,EE105851
,,,,,,,,,,,,ADHOC107000
,,,,,,,,,,,,EE104687
,,,,,,,,,,,,EE104285
,,,,,,,,,,,,EE104586
,,,,,,,,,,,,EE105706
,,,,,,,,,,,,EE103981
,,,,,,,,,,,,EE106118
,,,,,,,,,,,,EE106852
,,,,,,,,,,,,ADHOC106961
,,,,,,,,,,,,EE106781
,,,,,,,,,,,,EE104417
,,,,,,,,,,,,EE107140
,,,,,,,,,,,,EE104224
,,,,,,,,,,,,EE104349
,,,,,,,,,,,,EE106215
,,,,,,,,,,,,EE106846
,,,,,,,,,,,,EE104151
,,,,,,,,,,,,EE107133
,,,,,,,,,,,,EE104766
,,,,,,,,,,,,EE104719
,,,,,,,,,,,,ADHOC107154
,,,,,,,,,,,,EE104788
,,,,,,,,,,,,EE105358
,,,,,,,,,,,,EE105669
,,,,,,,,,,,,EE106053
,,,,,,,,,,,,EE104286
,,,,,,,,,,,,EE104999
,,,,,,,,,,,,EE106085
,,,,,,,,,,,,ADHOC107168
,,,,,,,,,,,,EE105606
,,,,,,,,,,,,EE106570
,,,,,,,,,,,,EE104469
,,,,,,,,,,,,EE105348
,,,,,,,,,,,,EE106272
,,,,,,,,,,,,EE106859
,,,,,,,,,,,,EE104765
,,,,,,,,,,,,EE107024
,,,,,,,,,,,,EE106185
,,,,,,,,,,,,EE104473
,,,,,,,,,,,,EE107044
,,,,,,,,,,,,EE105684
,,,,,,,,,,,,EE105228
,,,,,,,,,,,,EE104530
,,,,,,,,,,,,EE105202
,,,,,,,,,,,,EE105713
,,,,,,,,,,,,EE105654
,,,,,,,,,,,,EE106144
,,,,,,,,,,,,EE105201
,,,,,,,,,,,,EE106293
,,,,,,,,,,,,EE106743
,,,,,,,,,,,,EE104753
,,,,,,,,,,,,EE104724
,,,,,,,,,,,,EE104568
,,,,,,,,,,,,EE104925
,,,,,,,,,,,,EE104587
,,,,,,,,,,,,ADHOC107244
,,,,,,,,,,,,EE106584
,,,,,,,,,,,,EE106046
,,,,,,,,,,,,EE104741
,,,,,,,,,,,,EE106830
,,,,,,,,,,,,EE105356
,,,,,,,,,,,,EE104013
,,,,,,,,,,,,EE104383
,,,,,,,,,,,,EE105978
,,,,,,,,,,,,EE106063
,,,,,,,,,,,,ADHOC106946
,,,,,,,,,,,,EE107049
,,,,,,,,,,,,EE104255
,,,,,,,,,,,,EE106554
,,,,,,,,,,,,EE106849
,,,,,,,,,,,,EE106657
,,,,,,,,,,,,EE104122
,,,,,,,,,,,,EE105291
,,,,,,,,,,,,EE104604
,,,,,,,,,,,,PID106893
,,,,,,,,,,,,EE104517
,,,,,,,,,,,,EE106090
,,,,,,,,,,,,EE105656
,,,,,,,,,,,,EE106054
,,,,,,,,,,,,EE106831
,,,,,,,,,,,,EE105594
,,,,,,,,,,,,EE105627
,,,,,,,,,,,,EE104363
,,,,,,,,,,,,EE106410
,,,,,,,,,,,,EE104590
,,,,,,,,,,,,EE104751
,,,,,,,,,,,,EE105569
,,,,,,,,,,,,EE105646
,,,,,,,,,,,,EE104440
,,,,,,,,,,,,EE104757
,,,,,,,,,,,,EE105403
,,,,,,,,,,,,EE104416
,,,,,,,,,,,,EE106345
,,,,,,,,,,,,EE106158
,,,,,,,,,,,,EE104007
,,,,,,,,,,,,EE106797
,,,,,,,,,,,,EE106008
,,,,,,,,,,,,EE104068
,,,,,,,,,,,,ADHOC107251
,,,,,,,,,,,,EE106316
,,,,,,,,,,,,EE105077
,,,,,,,,,,,,EE104783
,,,,,,,,,,,,EE105858
,,,,,,,,,,,,EE105400
,,,,,,,,,,,,EE104910
,,,,,,,,,,,,EE105608
,,,,,,,,,,,,EE104801
,,,,,,,,,,,,EE104630
,,,,,,,,,,,,EE104746
,,,,,,,,,,,,EE106736
,,,,,,,,,,,,EE105205
,,,,,,,,,,,,EE106002
,,,,,,,,,,,,EE104639
,,,,,,,,,,,,EE105402
,,,,,,,,,,,,EE106100
,,,,,,,,,,,,ADHOC106998
,,,,,,,,,,,,EE104522
,,,,,,,,,,,,EE104157
,,,,,,,,,,,,EE105882
,,,,,,,,,,,,EE104062
,,,,,,,,,,,,EE105056
,,,,,,,,,,,,EE105337
,,,,,,,,,,,,EE106780
,,,,,,,,,,,,EE104758
,,,,,,,,,,,,EE104826
,,,,,,,,,,,,EE105880
,,,,,,,,,,,,EE105710
,,,,,,,,,,,,EE104252
,,,,,,,,,,,,EE106819
,,,,,,,,,,,,EE106775
,,,,,,,,,,,,EE105581
,,,,,,,,,,,,EE106032
,,,,,,,,,,,,EE104731
,,,,,,,,,,,,EE105120
,,,,,,,,,,,,EE105071
,,,,,,,,,,,,EE104739
,,,,,,,,,,,,EE105010
,,,,,,,,,,,,EE106143
,,,,,,,,,,,,ADHOC107229
,,,,,,,,,,,,EE104577
,,,,,,,,,,,,EE104455
,,,,,,,,,,,,EE105161
,,,,,,,,,,,,EE107105
,,,,,,,,,,,,EE105696
,,,,,,,,,,,,EE104299
,,,,,,,,,,,,EE106178
,,,,,,,,,,,,EE105600
,,,,,,,,,,,,ADHOC107187
,,,,,,,,,,,,EE104136
,,,,,,,,,,,,EE105748
,,,,,,,,,,,,EE105587
,,,,,,,,,,,,EE106360
,,,,,,,,,,,,EE105711
,,,,,,,,,,,,EE105637
,,,,,,,,,,,,EE104868
,,,,,,,,,,,,EE104861
,,,,,,,,,,,,EE104819
,,,,,,,,,,,,EE104486
,,,,,,,,,,,,EE106319
,,,,,,,,,,,,EE105481
,,,,,,,,,,,,EE104321
,,,,,,,,,,,,EE105485
,,,,,,,,,,,,EE105634
,,,,,,,,,,,,EE106270
,,,,,,,,,,,,EE106843
,,,,,,,,,,,,EE106238
,,,,,,,,,,,,EE106333
,,,,,,,,,,,,EE107318
,,,,,,,,,,,,EE107081
,,,,,,,,,,,,EE105974
,,,,,,,,,,,,EE105152
,,,,,,,,,,,,EE106386
,,,,,,,,,,,,EE106005
,,,,,,,,,,,,EE105373
,,,,,,,,,,,,EE106412
,,,,,,,,,,,,EE105835
,,,,,,,,,,,,EE105846
,,,,,,,,,,,,EE105051
,,,,,,,,,,,,EE104703
,,,,,,,,,,,,EE104048
,,,,,,,,,,,,EE104287
,,,,,,,,,,,,EE104117
,,,,,,,,,,,,EE105664
,,,,,,,,,,,,EE104638
,,,,,,,,,,,,EE107057
,,,,,,,,,,,,EE107020
,,,,,,,,,,,,EE106287
,,,,,,,,,,,,EE106860
,,,,,,,,,,,,EE104456
,,,,,,,,,,,,ADHOC107151
,,,,,,,,,,,,EE107019
,,,,,,,,,,,,EE105805
,,,,,,,,,,,,EE104378
,,,,,,,,,,,,EE106450
,,,,,,,,,,,,EE104313
,,,,,,,,,,,,EE106850
,,,,,,,,,,,,EE104855
,,,,,,,,,,,,EE106449
,,,,,,,,,,,,ADHOC107284
,,,,,,,,,,,,EE105189
,,,,,,,,,,,,EE106525
,,,,,,,,,,,,EE106705
,,,,,,,,,,,,EE105854
,,,,,,,,,,,,EE104213
,,,,,,,,,,,,EE106645
,,,,,,,,,,,,EE104127
,,,,,,,,,,,,EE107109
,,,,,,,,,,,,EE105016
,,,,,,,,,,,,EE106428
,,,,,,,,,,,,EE104450
,,,,,,,,,,,,EE104877
,,,,,,,,,,,,EE104392
,,,,,,,,,,,,EE105967
,,,,,,,,,,,,EE106289
,,,,,,,,,,,,EE106874
,,,,,,,,,,,,EE106065
,,,,,,,,,,,,EE103997
,,,,,,,,,,,,EE104543
,,,,,,,,,,,,EE105312
,,,,,,,,,,,,EE105428
,,,,,,,,,,,,EE105845
,,,,,,,,,,,,EE104903
,,,,,,,,,,,,EE105808
,,,,,,,,,,,,EE106746
,,,,,,,,,,,,EE104981
,,,,,,,,,,,,EE106519
,,,,,,,,,,,,EE105386
,,,,,,,,,,,,EE106611
,,,,,,,,,,,,EE106724
,,,,,,,,,,,,EE104592
,,,,,,,,,,,,EE106482
,,,,,,,,,,,,EE104527
,,,,,,,,,,,,EE104900
,,,,,,,,,,,,EE104236
,,,,,,,,,,,,EE104769
,,,,,,,,,,,,ADHOC107129
,,,,,,,,,,,,EE104851
,,,,,,,,,,,,EE104873
,,,,,,,,,,,,EE106676
,,,,,,,,,,,,ADHOC107194
,,,,,,,,,,,,EE105084
,,,,,,,,,,,,EE106465
,,,,,,,,,,,,EE106685
,,,,,,,,,,,,EE104932
,,,,,,,,,,,,EE104771
,,,,,,,,,,,,EE104816
,,,,,,,,,,,,EE104121
,,,,,,,,,,,,EE104275
,,,,,,,,,,,,EE105391
,,,,,,,,,,,,EE104225
,,,,,,,,,,,,EE106374
,,,,,,,,,,,,EE105763
,,,,,,,,,,,,EE104648
,,,,,,,,,,,,PID106891
,,,,,,,,,,,,EE105490
,,,,,,,,,,,,EE106745
,,,,,,,,,,,,EE107048
,,,,,,,,,,,,EE106221
,,,,,,,,,,,,EE104805
,,,,,,,,,,,,EE104415
,,,,,,,,,,,,EE104384
,,,,,,,,,,,,EE104493
,,,,,,,,,,,,EE104825
,,,,,,,,,,,,EE106037
,,,,,,,,,,,,EE105914
,,,,,,,,,,,,EE106133
,,,,,,,,,,,,EE106509
,,,,,,,,,,,,EE106732
,,,,,,,,,,,,EE107027
,,,,,,,,,,,,EE104815
,,,,,,,,,,,,EE106092
,,,,,,,,,,,,EE104027
,,,,,,,,,,,,EE104823
,,,,,,,,,,,,EE104463
,,,,,,,,,,,,EE105867
,,,,,,,,,,,,EE106256
,,,,,,,,,,,,EE104852
,,,,,,,,,,,,ADHOC107280
,,,,,,,,,,,,EE104070
,,,,,,,,,,,,EE106439
,,,,,,,,,,,,EE104393
,,,,,,,,,,,,EE106536
,,,,,,,,,,,,EE105980
,,,,,,,,,,,,EE106258
,,,,,,,,,,,,EE105839
,,,,,,,,,,,,EE106243
,,,,,,,,,,,,EE106352
,,,,,,,,,,,,ADHOC106914
,,,,,,,,,,,,EE105878
,,,,,,,,,,,,EE105542
,,,,,,,,,,,,EE104526
,,,,,,,,,,,,EE105796
,,,,,,,,,,,,EE105004
,,,,,,,,,,,,EE106303
,,,,,,,,,,,,EE106150
,,,,,,,,,,,,EE107025
,,,,,,,,,,,,EE104552
,,,,,,,,,,,,EE105218
,,,,,,,,,,,,EE105596
,,,,,,,,,,,,EE106246
,,,,,,,,,,,,ADHOC107270
,,,,,,,,,,,,EE104047
,,,,,,,,,,,,EE104142
,,,,,,,,,,,,EE104132
,,,,,,,,,,,,EE104412
,,,,,,,,,,,,EE104620
,,,,,,,,,,,,EE105801
,,,,,,,,,,,,EE104994
,,,,,,,,,,,,EE106522
,,,,,,,,,,,,EE104734
,,,,,,,,,,,,EE105736
,,,,,,,,,,,,EE105409
,,,,,,,,,,,,EE104952
,,,,,,,,,,,,EE105188
,,,,,,,,,,,,EE104381
,,,,,,,,,,,,EE104159
,,,,,,,,,,,,EE105451
,,,,,,,,,,,,EE106762
,,,,,,,,,,,,EE105269
,,,,,,,,,,,,ADHOC107039
,,,,,,,,,,,,EE104583
,,,,,,,,,,,,EE105947
,,,,,,,,,,,,EE105017
,,,,,,,,,,,,EE105401
,,,,,,,,,,,,EE106212
,,,,,,,,,,,,EE105649
,,,,,,,,,,,,EE104119
,,,,,,,,,,,,EE105709
,,,,,,,,,,,,EE106047
,,,,,,,,,,,,EE106107
,,,,,,,,,,,,EE106269
,,,,,,,,,,,,EE105368
,,,,,,,,,,,,EE105159
,,,,,,,,,,,,EE105209
,,,,,,,,,,,,EE106393
,,,,,,,,,,,,EE106069
,,,,,,,,,,,,EE106785
,,,,,,,,,,,,EE105057
,,,,,,,,,,,,EE105972
,,,,,,,,,,,,ADHOC106943
,,,,,,,,,,,,EE104571
,,,,,,,,,,,,EE104312
,,,,,,,,,,,,EE104937
,,,,,,,,,,,,EE106872
,,,,,,,,,,,,EE105258
,,,,,,,,,,,,EE105284
,,,,,,,,,,,,EE105538
,,,,,,,,,,,,EE106240
,,,,,,,,,,,,EE104216
,,,,,,,,,,,,ADHOC107272
,,,,,,,,,,,,EE104683
,,,,,,,,,,,,EE104916
,,,,,,,,,,,,EE106228
,,,,,,,,,,,,EE105046
,,,,,,,,,,,,EE104931
,,,,,,,,,,,,EE106073
,,,,,,,,,,,,EE106462
,,,,,,,,,,,,EE106787
,,,,,,,,,,,,EE107023
,,,,,,,,,,,,EE104692
,,,,,,,,,,,,EE104576
,,,,,,,,,,,,EE106497
,,,,,,,,,,,,EE104928
,,,,,,,,,,,,EE104193
,,,,,,,,,,,,EE104521
,,,,,,,,,,,,EE106493
,,,,,,,,,,,,EE106014
,,,,,,,,,,,,EE106444
,,,,,,,,,,,,EE106357
,,,,,,,,,,,,EE106419
,,,,,,,,,,,,ADHOC107282
,,,,,,,,,,,,EE107022
,,,,,,,,,,,,EE106387
,,,,,,,,,,,,EE104055
,,,,,,,,,,,,EE106579
,,,,,,,,,,,,EE106690
,,,,,,,,,,,,EE104830
,,,,,,,,,,,,EE104325
,,,,,,,,,,,,EE106478
,,,,,,,,,,,,EE105954
,,,,,,,,,,,,EE105559
,,,,,,,,,,,,EE105108
,,,,,,,,,,,,EE106089
,,,,,,,,,,,,EE106204
,,,,,,,,,,,,EE105307
,,,,,,,,,,,,EE106257
,,,,,,,,,,,,EE104318
,,,,,,,,,,,,EE106058
,,,,,,,,,,,,EE105988
,,,,,,,,,,,,EE105332
,,,,,,,,,,,,EE104902
,,,,,,,,,,,,EE104448
,,,,,,,,,,,,EE106126
,,,,,,,,,,,,EE106175
,,,,,,,,,,,,EE106364
,,,,,,,,,,,,EE106571
,,,,,,,,,,,,EE104634
,,,,,,,,,,,,EE106720
,,,,,,,,,,,,EE105378
,,,,,,,,,,,,ADHOC107279
,,,,,,,,,,,,EE104406
,,,,,,,,,,,,EE106208
,,,,,,,,,,,,EE106186
,,,,,,,,,,,,EE105715
,,,,,,,,,,,,EE106735
,,,,,,,,,,,,EE105584
,,,,,,,,,,,,EE107046
,,,,,,,,,,,,EE104837
,,,,,,,,,,,,EE105351
,,,,,,,,,,,,EE105816
,,,,,,,,,,,,EE106875
,,,,,,,,,,,,EE104549
,,,,,,,,,,,,EE106802
,,,,,,,,,,,,EE107018
,,,,,,,,,,,,EE105511
,,,,,,,,,,,,EE106665
,,,,,,,,,,,,ADHOC106938
,,,,,,,,,,,,EE105125
,,,,,,,,,,,,EE104597
,,,,,,,,,,,,EE106592
,,,,,,,,,,,,ADHOC107242
,,,,,,,,,,,,EE106337
,,,,,,,,,,,,EE104259
,,,,,,,,,,,,EE104690
,,,,,,,,,,,,EE105821
,,,,,,,,,,,,EE105868
,,,,,,,,,,,,EE104210
,,,,,,,,,,,,EE104163
,,,,,,,,,,,,EE105247
,,,,,,,,,,,,EE105519
,,,,,,,,,,,,EE106234
,,,,,,,,,,,,EE104460
,,,,,,,,,,,,EE105653
,,,,,,,,,,,,EE104305
,,,,,,,,,,,,EE105390
,,,,,,,,,,,,EE104347
,,,,,,,,,,,,EE106306
,,,,,,,,,,,,EE105997
,,,,,,,,,,,,EE106125
,,,,,,,,,,,,EE104409
,,,,,,,,,,,,EE105430
,,,,,,,,,,,,EE104267
,,,,,,,,,,,,EE105772
,,,,,,,,,,,,EE106038
,,,,,,,,,,,,EE105381
,,,,,,,,,,,,EE105759
,,,,,,,,,,,,EE104776
,,,,,,,,,,,,ADHOC106973
,,,,,,,,,,,,EE105523
,,,,,,,,,,,,EE104246
,,,,,,,,,,,,EE104736
,,,,,,,,,,,,EE106776
,,,,,,,,,,,,EE105138
,,,,,,,,,,,,EE106523
,,,,,,,,,,,,EE104609
,,,,,,,,,,,,EE103986
,,,,,,,,,,,,EE104866
,,,,,,,,,,,,EE104947
,,,,,,,,,,,,EE105983
,,,,,,,,,,,,EE104045
,,,,,,,,,,,,ADHOC107167
,,,,,,,,,,,,EE104174
,,,,,,,,,,,,EE106879
,,,,,,,,,,,,EE106586
,,,,,,,,,,,,EE106140
,,,,,,,,,,,,EE104519
,,,,,,,,,,,,EE105237
,,,,,,,,,,,,EE105852
,,,,,,,,,,,,EE106547
,,,,,,,,,,,,EE106750
,,,,,,,,,,,,EE105104
,,,,,,,,,,,,EE105349
,,,,,,,,,,,,EE106558
,,,,,,,,,,,,EE105103
,,,,,,,,,,,,EE106823
,,,,,,,,,,,,EE104376
,,,,,,,,,,,,EE106871
,,,,,,,,,,,,ADHOC107310
,,,,,,,,,,,,EE104762
,,,,,,,,,,,,EE104593
,,,,,,,,,,,,EE104637
,,,,,,,,,,,,EE105363
,,,,,,,,,,,,EE106679
,,,,,,,,,,,,EE105877
,,,,,,,,,,,,EE104359
,,,,,,,,,,,,EE106513
,,,,,,,,,,,,EE106744
,,,,,,,,,,,,EE104304
,,,,,,,,,,,,EE104635
,,,,,,,,,,,,EE106162
,,,,,,,,,,,,EE106262
,,,,,,,,,,,,EE104812
,,,,,,,,,,,,EE106845
,,,,,,,,,,,,ADHOC107307
,,,,,,,,,,,,EE106136
,,,,,,,,,,,,EE106397
,,,,,,,,,,,,EE105184
,,,,,,,,,,,,EE105069
,,,,,,,,,,,,EE106330
,,,,,,,,,,,,EE105602
,,,,,,,,,,,,EE104328
,,,,,,,,,,,,EE104818
,,,,,,,,,,,,EE106068
,,,,,,,,,,,,EE105518
,,,,,,,,,,,,EE105480
,,,,,,,,,,,,EE107087
,,,,,,,,,,,,EE107017
,,,,,,,,,,,,EE104449
,,,,,,,,,,,,EE106707
,,,,,,,,,,,,EE104205
,,,,,,,,,,,,EE105570
,,,,,,,,,,,,EE106515
,,,,,,,,,,,,EE104654
,,,,,,,,,,,,EE106808
,,,,,,,,,,,,EE106012
,,,,,,,,,,,,ADHOC107258
,,,,,,,,,,,,ADHOC107082
,,,,,,,,,,,,EE104208
,,,,,,,,,,,,EE104685
,,,,,,,,,,,,EE104760
,,,,,,,,,,,,EE104619
,,,,,,,,,,,,EE105012
,,,,,,,,,,,,EE104874
,,,,,,,,,,,,EE104107
,,,,,,,,,,,,EE104160
,,,,,,,,,,,,EE106643
,,,,,,,,,,,,EE106321
,,,,,,,,,,,,EE104782
,,,,,,,,,,,,EE106494
,,,,,,,,,,,,EE105946
,,,,,,,,,,,,EE106006
,,,,,,,,,,,,EE106805
,,,,,,,,,,,,EE104935
,,,,,,,,,,,,EE104368
,,,,,,,,,,,,EE104266
,,,,,,,,,,,,EE104035
,,,,,,,,,,,,EE104798
,,,,,,,,,,,,EE105828
,,,,,,,,,,,,EE105457
,,,,,,,,,,,,EE106555
,,,,,,,,,,,,EE104505
,,,,,,,,,,,,EE106658
,,,,,,,,,,,,EE105546
,,,,,,,,,,,,EE105336
,,,,,,,,,,,,EE106367
,,,,,,,,,,,,EE106101
,,,,,,,,,,,,EE104979
,,,,,,,,,,,,ADHOC107233
,,,,,,,,,,,,ADHOC106996
,,,,,,,,,,,,EE104425
,,,,,,,,,,,,EE105982
,,,,,,,,,,,,EE104245
,,,,,,,,,,,,EE105911
,,,,,,,,,,,,EE105942
,,,,,,,,,,,,ADHOC106992
,,,,,,,,,,,,EE104643
,,,,,,,,,,,,EE105769
,,,,,,,,,,,,EE106719
,,,,,,,,,,,,EE104342
,,,,,,,,,,,,EE105737
,,,,,,,,,,,,EE106312
,,,,,,,,,,,,EE104808
,,,,,,,,,,,,EE105603
,,,,,,,,,,,,EE106119
,,,,,,,,,,,,EE106129
,,,,,,,,,,,,EE105695
,,,,,,,,,,,,EE106618
,,,,,,,,,,,,EE105355
,,,,,,,,,,,,EE104709
,,,,,,,,,,,,EE104230
,,,,,,,,,,,,EE106235
,,,,,,,,,,,,EE105340
,,,,,,,,,,,,EE106417
,,,,,,,,,,,,EE106448
,,,,,,,,,,,,EE105396
,,,,,,,,,,,,EE106887
,,,,,,,,,,,,EE105242
,,,,,,,,,,,,EE107094
,,,,,,,,,,,,EE106121
,,,,,,,,,,,,EE105026
,,,,,,,,,,,,EE105461
,,,,,,,,,,,,EE106111
,,,,,,,,,,,,ADHOC106974
,,,,,,,,,,,,EE104881
,,,,,,,,,,,,EE105424
,,,,,,,,,,,,ADHOC107241
,,,,,,,,,,,,EE104615
,,,,,,,,,,,,EE106607
,,,,,,,,,,,,EE106255
,,,,,,,,,,,,EE104237
,,,,,,,,,,,,EE105164
,,,,,,,,,,,,EE104809
,,,,,,,,,,,,EE106074
,,,,,,,,,,,,EE104462
,,,,,,,,,,,,EE104372
,,,,,,,,,,,,EE104506
,,,,,,,,,,,,EE105976
,,,,,,,,,,,,EE106024
,,,,,,,,,,,,EE106400
,,,,,,,,,,,,EE106577
,,,,,,,,,,,,EE106619
,,,,,,,,,,,,EE105881
,,,,,,,,,,,,EE106384
,,,,,,,,,,,,EE104907
,,,,,,,,,,,,EE106398
,,,,,,,,,,,,EE105074
,,,,,,,,,,,,EE104330
,,,,,,,,,,,,EE106141
,,,,,,,,,,,,EE104882
,,,,,,,,,,,,EE104408
,,,,,,,,,,,,EE107319
,,,,,,,,,,,,EE105124
,,,,,,,,,,,,EE105819
,,,,,,,,,,,,EE105922
,,,,,,,,,,,,EE106675
,,,,,,,,,,,,EE106472
,,,,,,,,,,,,EE104452
,,,,,,,,,,,,EE106326
,,,,,,,,,,,,EE104775
,,,,,,,,,,,,EE105903
,,,,,,,,,,,,EE106521
,,,,,,,,,,,,EE104510
,,,,,,,,,,,,EE105760
,,,,,,,,,,,,EE105995
,,,,,,,,,,,,EE106749
,,,,,,,,,,,,EE104909
,,,,,,,,,,,,EE104754
,,,,,,,,,,,,EE105658
,,,,,,,,,,,,EE105486
,,,,,,,,,,,,EE106683
,,,,,,,,,,,,EE106368
,,,,,,,,,,,,EE106890
,,,,,,,,,,,,EE106029
,,,,,,,,,,,,EE104401
,,,,,,,,,,,,EE104842
,,,,,,,,,,,,EE105730
,,,,,,,,,,,,EE105597
,,,,,,,,,,,,EE105915
,,,,,,,,,,,,EE106758
,,,,,,,,,,,,EE106296
,,,,,,,,,,,,ADHOC106960
,,,,,,,,,,,,EE104750
,,,,,,,,,,,,EE106604
,,,,,,,,,,,,EE104051
,,,,,,,,,,,,EE105866
,,,,,,,,,,,,EE106219
,,,,,,,,,,,,EE104588
,,,,,,,,,,,,EE106632
,,,,,,,,,,,,EE105641
,,,,,,,,,,,,EE105320
,,,,,,,,,,,,EE106018
,,,,,,,,,,,,EE106828
,,,,,,,,,,,,EE104603
,,,,,,,,,,,,EE104520
,,,,,,,,,,,,EE104594
,,,,,,,,,,,,EE106164
,,,,,,,,,,,,EE106161
,,,,,,,,,,,,EE104778
,,,,,,,,,,,,EE105665
,,,,,,,,,,,,EE105756
,,,,,,,,,,,,EE104114
,,,,,,,,,,,,EE106080
,,,,,,,,,,,,EE106192
,,,,,,,,,,,,EE105070
,,,,,,,,,,,,EE105339
,,,,,,,,,,,,EE106198
,,,,,,,,,,,,EE106371
,,,,,,,,,,,,EE106317
,,,,,,,,,,,,EE105293
,,,,,,,,,,,,EE106343
,,,,,,,,,,,,EE106110
,,,,,,,,,,,,EE106331
,,,,,,,,,,,,EE105471
,,,,,,,,,,,,EE106434
,,,,,,,,,,,,EE106015
,,,,,,,,,,,,EE105415
,,,,,,,,,,,,EE105831
,,,,,,,,,,,,EE104686
,,,,,,,,,,,,EE104263
,,,,,,,,,,,,EE106713
,,,,,,,,,,,,EE106799
,,,,,,,,,,,,EE106806
,,,,,,,,,,,,EE104104
,,,,,,,,,,,,EE104972
,,,,,,,,,,,,EE105366
,,,,,,,,,,,,ADHOC106921
,,,,,,,,,,,,EE104074
,,,,,,,,,,,,EE106634
,,,,,,,,,,,,EE106615
,,,,,,,,,,,,EE105136
,,,,,,,,,,,,EE104730
,,,,,,,,,,,,EE105267
,,,,,,,,,,,,EE105644
,,,,,,,,,,,,EE106013
,,,,,,,,,,,,EE106725
,,,,,,,,,,,,EE104278
,,,,,,,,,,,,EE104177
,,,,,,,,,,,,EE106549
,,,,,,,,,,,,EE106220
,,,,,,,,,,,,EE105058
,,,,,,,,,,,,EE105690
,,,,,,,,,,,,EE106537
,,,,,,,,,,,,EE106660
,,,,,,,,,,,,ADHOC107177
,,,,,,,,,,,,EE106574
,,,,,,,,,,,,EE104352
,,,,,,,,,,,,EE105659
,,,,,,,,,,,,EE107042
,,,,,,,,,,,,EE107126
,,,,,,,,,,,,EE104667
,,,,,,,,,,,,EE106430
,,,,,,,,,,,,EE105941
,,,,,,,,,,,,EE106173
,,,,,,,,,,,,EE103982
,,,,,,,,,,,,EE104832
,,,,,,,,,,,,EE104856
,,,,,,,,,,,,EE104115
,,,,,,,,,,,,EE105110
,,,,,,,,,,,,EE104982
,,,,,,,,,,,,EE105530
,,,,,,,,,,,,EE105720
,,,,,,,,,,,,EE106134
,,,,,,,,,,,,EE105785
,,,,,,,,,,,,EE104548
,,,,,,,,,,,,EE106116
,,,,,,,,,,,,EE106516
,,,,,,,,,,,,EE106403
,,,,,,,,,,,,EE104940
,,,,,,,,,,,,EE106231
,,,,,,,,,,,,ADHOC107224
,,,,,,,,,,,,EE104003
,,,,,,,,,,,,EE105185
,,,,,,,,,,,,EE105275
,,,,,,,,,,,,EE105377
,,,,,,,,,,,,EE104926
,,,,,,,,,,,,EE105126
,,,,,,,,,,,,ADHOC107248
,,,,,,,,,,,,EE106010
,,,,,,,,,,,,EE105450
,,,,,,,,,,,,EE105297
,,,,,,,,,,,,EE105962
,,,,,,,,,,,,EE106348
,,,,,,,,,,,,EE105172
,,,,,,,,,,,,EE105554
,,,,,,,,,,,,EE104891
,,,,,,,,,,,,EE106273
,,,,,,,,,,,,EE106711
,,,,,,,,,,,,EE106508
,,,,,,,,,,,,EE104712
,,,,,,,,,,,,EE105341
,,,,,,,,,,,,EE106487
,,,,,,,,,,,,EE105175
,,,,,,,,,,,,EE106730
,,,,,,,,,,,,ADHOC106918
,,,,,,,,,,,,EE107116
,,,,,,,,,,,,ADHOC107188
,,,,,,,,,,,,EE104073
,,,,,,,,,,,,EE104327
,,,,,,,,,,,,EE106862
,,,,,,,,,,,,EE105614
,,,,,,,,,,,,ADHOC107253
,,,,,,,,,,,,EE106648
,,,,,,,,,,,,EE106703
,,,,,,,,,,,,EE104711
,,,,,,,,,,,,EE103995
,,,,,,,,,,,,EE105117
,,,,,,,,,,,,EE106043
,,,,,,,,,,,,EE104967
,,,,,,,,,,,,EE104106
,,,,,,,,,,,,EE106154
,,,,,,,,,,,,EE104133
,,,,,,,,,,,,EE105301
,,,,,,,,,,,,EE104733
,,,,,,,,,,,,EE107097
,,,,,,,,,,,,EE104172
,,,,,,,,,,,,EE105633
,,,,,,,,,,,,EE104171
,,,,,,,,,,,,EE105503
,,,,,,,,,,,,EE105841
,,,,,,,,,,,,EE107100
,,,,,,,,,,,,EE106712
,,,,,,,,,,,,ADHOC107010
,,,,,,,,,,,,EE106048
,,,,,,,,,,,,EE104358
,,,,,,,,,,,,EE105863
,,,,,,,,,,,,EE105871
,,,,,,,,,,,,EE105937
,,,,,,,,,,,,EE105330
,,,,,,,,,,,,EE106569
,,,,,,,,,,,,EE106418
,,,,,,,,,,,,EE106560
,,,,,,,,,,,,EE104149
,,,,,,,,,,,,EE106602
,,,,,,,,,,,,EE104661
,,,,,,,,,,,,EE104513
,,,,,,,,,,,,EE104919
,,,,,,,,,,,,EE105670
,,,,,,,,,,,,EE105388
,,,,,,,,,,,,EE105902
,,,,,,,,,,,,EE104257
,,,,,,,,,,,,EE104041
,,,,,,,,,,,,EE104573
,,,,,,,,,,,,EE105853
,,,,,,,,,,,,EE104858
,,,,,,,,,,,,EE106336
,,,,,,,,,,,,EE104785
,,,,,,,,,,,,EE105432
,,,,,,,,,,,,EE106325
,,,,,,,,,,,,EE105447
,,,,,,,,,,,,EE104670
,,,,,,,,,,,,EE104645
,,,,,,,,,,,,EE106753
,,,,,,,,,,,,EE105777
,,,,,,,,,,,,EE105227
,,,,,,,,,,,,ADHOC106987
,,,,,,,,,,,,EE107084
,,,,,,,,,,,,EE104310
,,,,,,,,,,,,EE104209
,,,,,,,,,,,,EE104695
,,,,,,,,,,,,EE107069
,,,,,,,,,,,,EE104581
,,,,,,,,,,,,EE105973
,,,,,,,,,,,,EE106025
,,,,,,,,,,,,EE105557
,,,,,,,,,,,,EE106188
,,,,,,,,,,,,EE104905
,,,,,,,,,,,,EE105778
,,,,,,,,,,,,EE106218
,,,,,,,,,,,,EE106837
,,,,,,,,,,,,EE106824
,,,,,,,,,,,,EE105936
,,,,,,,,,,,,EE105173
,,,,,,,,,,,,EE105487
,,,,,,,,,,,,EE105639
,,,,,,,,,,,,EE106019
,,,,,,,,,,,,ADHOC106910
,,,,,,,,,,,,ADHOC107305
,,,,,,,,,,,,EE106795
,,,,,,,,,,,,EE103991
,,,,,,,,,,,,EE104221
,,,,,,,,,,,,PID106894
,,,,,,,,,,,,EE104989
,,,,,,,,,,,,EE105222
,,,,,,,,,,,,EE104309
,,,,,,,,,,,,EE105231
,,,,,,,,,,,,EE105169
,,,,,,,,,,,,EE104145
,,,,,,,,,,,,EE104569
,,,,,,,,,,,,EE106786
,,,,,,,,,,,,EE106456
,,,,,,,,,,,,EE105488
,,,,,,,,,,,,EE105963
,,,,,,,,,,,,EE105285
,,,,,,,,,,,,EE105640
,,,,,,,,,,,,ADHOC107314
,,,,,,,,,,,,EE105768
,,,,,,,,,,,,EE104019
,,,,,,,,,,,,EE104345
,,,,,,,,,,,,EE104390
,,,,,,,,,,,,ADHOC107303
,,,,,,,,,,,,EE106363
,,,,,,,,,,,,EE105180
,,,,,,,,,,,,ADHOC107092
,,,,,,,,,,,,EE106039
,,,,,,,,,,,,EE105217
,,,,,,,,,,,,ADHOC107243
,,,,,,,,,,,,EE105869
,,,,,,,,,,,,EE106339
,,,,,,,,,,,,EE105784
,,,,,,,,,,,,EE104373
,,,,,,,,,,,,EE104763
,,,,,,,,,,,,EE105904
,,,,,,,,,,,,EE104863
,,,,,,,,,,,,ADHOC107289
,,,,,,,,,,,,EE104424
,,,,,,,,,,,,EE104487
,,,,,,,,,,,,EE104326
,,,,,,,,,,,,EE105455
,,,,,,,,,,,,EE106863
,,,,,,,,,,,,EE104102
,,,,,,,,,,,,EE104026
,,,,,,,,,,,,EE106747
,,,,,,,,,,,,EE106426
,,,,,,,,,,,,EE104470
,,,,,,,,,,,,EE105369
,,,,,,,,,,,,EE105735
,,,,,,,,,,,,EE106332
,,,,,,,,,,,,EE106501
,,,,,,,,,,,,EE106290
,,,,,,,,,,,,EE104611
,,,,,,,,,,,,EE106130
,,,,,,,,,,,,EE106546
,,,,,,,,,,,,EE104811
,,,,,,,,,,,,EE105019
,,,,,,,,,,,,EE106297
,,,,,,,,,,,,EE104089
,,,,,,,,,,,,EE105965
,,,,,,,,,,,,EE106373
,,,,,,,,,,,,EE104364
,,,,,,,,,,,,EE106441
,,,,,,,,,,,,EE104524
,,,,,,,,,,,,EE104675
,,,,,,,,,,,,EE104641
,,,,,,,,,,,,EE105466
,,,,,,,,,,,,EE106051
,,,,,,,,,,,,EE105975
,,,,,,,,,,,,EE104354
,,,,,,,,,,,,EE105741
,,,,,,,,,,,,EE104831
,,,,,,,,,,,,EE106088
,,,,,,,,,,,,EE106884
,,,,,,,,,,,,EE105416
,,,,,,,,,,,,ADHOC107114
,,,,,,,,,,,,EE105520
,,,,,,,,,,,,EE105106
,,,,,,,,,,,,EE105874
,,,,,,,,,,,,EE106583
,,,,,,,,,,,,EE105435
,,,,,,,,,,,,EE105925
,,,,,,,,,,,,EE107137
,,,,,,,,,,,,EE106009
,,,,,,,,,,,,EE105054
,,,,,,,,,,,,EE105505
,,,,,,,,,,,,EE105702
,,,,,,,,,,,,EE104186
,,,,,,,,,,,,EE105085
,,,,,,,,,,,,EE105994
,,,,,,,,,,,,EE107068
,,,,,,,,,,,,ADHOC107152
,,,,,,,,,,,,EE106168
,,,,,,,,,,,,EE105822
,,,,,,,,,,,,EE104806
,,,,,,,,,,,,EE105887
,,,,,,,,,,,,EE104361
,,,,,,,,,,,,EE106820
,,,,,,,,,,,,EE105847
,,,,,,,,,,,,EE106565
,,,,,,,,,,,,EE104031
,,,,,,,,,,,,EE104660
,,,,,,,,,,,,EE105573
,,,,,,,,,,,,EE105353
,,,,,,,,,,,,EE105506
,,,,,,,,,,,,EE104453
,,,,,,,,,,,,EE106447
,,,,,,,,,,,,EE105089
,,,,,,,,,,,,EE104740
,,,,,,,,,,,,EE106159
,,,,,,,,,,,,EE104092
,,,,,,,,,,,,EE106035
,,,,,,,,,,,,EE106524
,,,,,,,,,,,,EE107138
,,,,,,,,,,,,EE106225
,,,,,,,,,,,,ADHOC107231
,,,,,,,,,,,,EE105840
,,,,,,,,,,,,EE104315
,,,,,,,,,,,,EE105021
,,,,,,,,,,,,EE105770
,,,,,,,,,,,,EE104840
,,,,,,,,,,,,EE106738
,,,,,,,,,,,,EE106486
,,,,,,,,,,,,EE105582
,,,,,,,,,,,,EE106826
,,,,,,,,,,,,EE106498
,,,,,,,,,,,,EE105174
,,,,,,,,,,,,ADHOC107255
,,,,,,,,,,,,EE105037
,,,,,,,,,,,,EE104612
,,,,,,,,,,,,EE105360
,,,,,,,,,,,,ADHOC107160
,,,,,,,,,,,,EE106526
,,,,,,,,,,,,ADHOC106970
,,,,,,,,,,,,EE104028
,,,,,,,,,,,,EE104986
,,,,,,,,,,,,EE106304
,,,,,,,,,,,,EE105062
,,,,,,,,,,,,EE105884
,,,,,,,,,,,,EE106790
,,,,,,,,,,,,EE104813
,,,,,,,,,,,,EE106858
,,,,,,,,,,,,EE105509
,,,,,,,,,,,,EE105250
,,,,,,,,,,,,EE107139
,,,,,,,,,,,,EE105411
,,,,,,,,,,,,EE105240
,,,,,,,,,,,,EE105561
,,,,,,,,,,,,ADHOC107259
,,,,,,,,,,,,EE104482
,,,,,,,,,,,,EE106318
,,,,,,,,,,,,EE105765
,,,,,,,,,,,,EE105510
,,,,,,,,,,,,EE104040
,,,,,,,,,,,,EE106764
,,,,,,,,,,,,EE105139
,,,,,,,,,,,,EE106276
,,,,,,,,,,,,EE105053
,,,,,,,,,,,,EE104128
,,,,,,,,,,,,EE104419
,,,,,,,,,,,,EE104984
,,,,,,,,,,,,EE104037
,,,,,,,,,,,,EE105333
,,,,,,,,,,,,EE106328
,,,,,,,,,,,,EE105615
,,,,,,,,,,,,EE106265
,,,,,,,,,,,,EE106748
,,,,,,,,,,,,EE104538
,,,,,,,,,,,,EE106052
,,,,,,,,,,,,EE105484
,,,,,,,,,,,,EE106506
,,,,,,,,,,,,EE104096
,,,,,,,,,,,,EE104153
,,,,,,,,,,,,EE104400
,,,,,,,,,,,,EE105613
,,,,,,,,,,,,EE105792
,,,,,,,,,,,,EE106697
,,,,,,,,,,,,EE106064
,,,,,,,,,,,,EE104659
,,,,,,,,,,,,EE105263
,,,,,,,,,,,,EE105030
,,,,,,,,,,,,EE104713
,,,,,,,,,,,,EE106310
,,,,,,,,,,,,EE106390
,,,,,,,,,,,,EE106627
,,,,,,,,,,,,EE105775
,,,,,,,,,,,,EE104834
,,,,,,,,,,,,EE104297
,,,,,,,,,,,,EE106827
,,,,,,,,,,,,EE106803
,,,,,,,,,,,,EE105703
,,,,,,,,,,,,ADHOC106944
,,,,,,,,,,,,EE106271
,,,,,,,,,,,,EE106241
,,,,,,,,,,,,EE104337
,,,,,,,,,,,,EE105707
,,,,,,,,,,,,EE105335
,,,,,,,,,,,,EE105566
,,,,,,,,,,,,EE106649
,,,,,,,,,,,,EE106836
,,,,,,,,,,,,ADHOC107260
,,,,,,,,,,,,EE105767
,,,,,,,,,,,,EE105534
,,,,,,,,,,,,ADHOC107158
,,,,,,,,,,,,EE106752
,,,,,,,,,,,,EE106457
,,,,,,,,,,,,ADHOC107031
,,,,,,,,,,,,EE105322
,,,,,,,,,,,,EE104200
,,,,,,,,,,,,ADHOC107265
,,,,,,,,,,,,EE104005
,,,,,,,,,,,,EE106401
,,,,,,,,,,,,EE106206
,,,,,,,,,,,,EE107134
,,,,,,,,,,,,EE105691
,,,,,,,,,,,,ADHOC106959
,,,,,,,,,,,,EE106217
,,,,,,,,,,,,ADHOC107162
,,,,,,,,,,,,EE104086
,,,,,,,,,,,,EE104265
,,,,,,,,,,,,EE104894
,,,,,,,,,,,,EE103984
,,,,,,,,,,,,EE104779
,,,,,,,,,,,,EE105678
,,,,,,,,,,,,EE105418
,,,,,,,,,,,,EE104682
,,,,,,,,,,,,EE105190
,,,,,,,,,,,,EE106181
,,,,,,,,,,,,ADHOC106905
,,,,,,,,,,,,EE104094
,,,,,,,,,,,,EE104983
,,,,,,,,,,,,EE106496
,,,,,,,,,,,,ADHOC107234
,,,,,,,,,,,,EE105514
,,,,,,,,,,,,EE105001
,,,,,,,,,,,,EE104382
,,,,,,,,,,,,EE107103
,,,,,,,,,,,,EE105299
,,,,,,,,,,,,EE104914
,,,,,,,,,,,,PID106896
,,,,,,,,,,,,EE107076
,,,,,,,,,,,,EE104276
,,,,,,,,,,,,EE106216
,,,,,,,,,,,,EE104723
,,,,,,,,,,,,EE106369
,,,,,,,,,,,,EE104843
,,,,,,,,,,,,EE104066
,,,,,,,,,,,,EE104333
,,,,,,,,,,,,EE105394
,,,,,,,,,,,,EE104944
,,,,,,,,,,,,EE106454
,,,,,,,,,,,,EE105234
,,,,,,,,,,,,EE105252
,,,,,,,,,,,,EE104633
,,,,,,,,,,,,EE105426
,,,,,,,,,,,,EE104110
,,,,,,,,,,,,ADHOC107230
,,,,,,,,,,,,EE104180
,,,,,,,,,,,,EE104867
,,,,,,,,,,,,EE105153
,,,,,,,,,,,,EE106886
,,,,,,,,,,,,EE104428
,,,,,,,,,,,,EE104239
,,,,,,,,,,,,EE104190
,,,,,,,,,,,,EE106263
,,,,,,,,,,,,EE104387
,,,,,,,,,,,,EE104298
,,,,,,,,,,,,EE104948
,,,,,,,,,,,,EE106677
,,,,,,,,,,,,EE104729
,,,,,,,,,,,,ADHOC107250
,,,,,,,,,,,,EE105179
,,,,,,,,,,,,EE106157
,,,,,,,,,,,,EE105750
,,,,,,,,,,,,EE106474
,,,,,,,,,,,,EE105212
,,,,,,,,,,,,EE106354
,,,,,,,,,,,,EE106792
,,,,,,,,,,,,ADHOC107001
,,,,,,,,,,,,EE105412
,,,,,,,,,,,,EE104467
,,,,,,,,,,,,EE105143
,,,,,,,,,,,,EE105825
,,,,,,,,,,,,EE105216
,,,,,,,,,,,,EE105119
,,,,,,,,,,,,EE105270
,,,,,,,,,,,,EE104183
,,,,,,,,,,,,EE104135
,,,,,,,,,,,,EE106295
,,,,,,,,,,,,EE106581
,,,,,,,,,,,,EE106622
,,,,,,,,,,,,EE105193
,,,,,,,,,,,,EE105940
,,,,,,,,,,,,EE106760
,,,,,,,,,,,,EE104348
,,,,,,,,,,,,EE104532
,,,,,,,,,,,,EE106329
,,,,,,,,,,,,EE106610
,,,,,,,,,,,,ADHOC106990
,,,,,,,,,,,,EE105497
,,,,,,,,,,,,EE104109
,,,,,,,,,,,,EE106538
,,,,,,,,,,,,EE105635
,,,,,,,,,,,,EE104324
,,,,,,,,,,,,ADHOC106936
,,,,,,,,,,,,EE106109
,,,,,,,,,,,,EE104439
,,,,,,,,,,,,EE106284
,,,,,,,,,,,,ADHOC106909
,,,,,,,,,,,,EE105588
,,,,,,,,,,,,EE105526
,,,,,,,,,,,,EE104755
,,,,,,,,,,,,EE104184
,,,,,,,,,,,,EE105671
,,,,,,,,,,,,EE107088
,,,,,,,,,,,,EE104591
,,,,,,,,,,,,EE105725
,,,,,,,,,,,,EE105895
,,,,,,,,,,,,EE106502
,,,,,,,,,,,,EE104103
,,,,,,,,,,,,ADHOC107183
,,,,,,,,,,,,EE104427
,,,,,,,,,,,,EE104407
,,,,,,,,,,,,EE106568
,,,,,,,,,,,,EE104962
,,,,,,,,,,,,EE105277
,,,,,,,,,,,,EE104223
,,,,,,,,,,,,EE104029
,,,,,,,,,,,,EE105791
,,,,,,,,,,,,EE107135
,,,,,,,,,,,,EE105315
,,,,,,,,,,,,EE107089
,,,,,,,,,,,,EE105036
,,,,,,,,,,,,EE105586
,,,,,,,,,,,,EE104215
,,,,,,,,,,,,EE106791
,,,,,,,,,,,,EE104435
,,,,,,,,,,,,EE106189
,,,,,,,,,,,,EE105331
,,,,,,,,,,,,EE104906
,,,,,,,,,,,,EE104131
,,,,,,,,,,,,EE105055
,,,,,,,,,,,,EE106596
,,,,,,,,,,,,EE105417
,,,,,,,,,,,,EE107083
,,,,,,,,,,,,ADHOC107275
,,,,,,,,,,,,EE104261
,,,,,,,,,,,,EE104974
,,,,,,,,,,,,EE104071
,,,,,,,,,,,,EE105855
,,,,,,,,,,,,EE104076
,,,,,,,,,,,,EE105749
,,,,,,,,,,,,EE107026
,,,,,,,,,,,,EE104217
,,,,,,,,,,,,EE104966
,,,,,,,,,,,,EE105493
,,,,,,,,,,,,EE107041
,,,,,,,,,,,,EE104872
,,,,,,,,,,,,EE104049
,,,,,,,,,,,,EE104411
,,,,,,,,,,,,EE104678
,,,,,,,,,,,,EE104839
,,,,,,,,,,,,ADHOC107212
,,,,,,,,,,,,EE104023
,,,,,,,,,,,,EE104167
,,,,,,,,,,,,EE104956
,,,,,,,,,,,,EE106299
,,,,,,,,,,,,EE106355
,,,,,,,,,,,,EE106767
,,,,,,,,,,,,EE104627
,,,,,,,,,,,,EE106681
,,,,,,,,,,,,ADHOC107148
,,,,,,,,,,,,EE106288
,,,,,,,,,,,,EE105255
,,,,,,,,,,,,EE106751
,,,,,,,,,,,,EE106305
,,,,,,,,,,,,EE105151
,,,,,,,,,,,,EE104123
,,,,,,,,,,,,EE104000
,,,,,,,,,,,,EE106114
,,,,,,,,,,,,EE104793
,,,,,,,,,,,,EE106861
,,,,,,,,,,,,EE106873
,,,,,,,,,,,,EE106138
,,,,,,,,,,,,EE105238
,,,,,,,,,,,,EE105437
,,,,,,,,,,,,EE105464
,,,,,,,,,,,,EE106621
,,,,,,,,,,,,ADHOC107201
,,,,,,,,,,,,EE104061
,,,,,,,,,,,,EE104292
,,,,,,,,,,,,EE104773
,,,,,,,,,,,,EE106759
,,,,,,,,,,,,EE105211
,,,,,,,,,,,,EE104367
,,,,,,,,,,,,EE105392
,,,,,,,,,,,,EE104044